variant_tag,block,architecture,controller,split,scenario_id,family,mission_success,safety_success,position_rmse_m,saturation_percentage,degradation_percentage,force_norm_clip_percentage,force_tilt_clip_percentage,result_dir
v1_baseline,baseline,mlp,neural_outer_force_mlp,test,hold_g03_P0_nominal_s1048_outer_expert,hold,True,True,0.0008031863501145614,0.0,0.0,0.0,0.0,data/outer_force_dataset/v1\results\hold_g03_P0_nominal_s1048_outer_expert_neural_mlp
v1_baseline,baseline,mlp,neural_outer_force_mlp,test,hold_g03_P2_wind_east_s1049_outer_expert,hold,True,True,0.02954072182013564,0.0,0.0,0.0,0.0,data/outer_force_dataset/v1\results\hold_g03_P2_wind_east_s1049_outer_expert_neural_mlp
v1_baseline,baseline,mlp,neural_outer_force_mlp,test,hold_g05_P5_combined_s1056_outer_expert,hold,True,True,0.1108380563269323,0.0,0.0,0.0,0.0,data/outer_force_dataset/v1\results\hold_g05_P5_combined_s1056_outer_expert_neural_mlp
v1_baseline,baseline,mlp,neural_outer_force_mlp,test,circle_g02_P0_nominal_s1066_outer_expert,circle,True,True,0.04038802409939783,0.0,0.0,0.0,0.0,data/outer_force_dataset/v1\results\circle_g02_P0_nominal_s1066_outer_expert_neural_mlp
v1_baseline,baseline,mlp,neural_outer_force_mlp,test,circle_g02_P5_combined_s1071_outer_expert,circle,True,True,0.12077817125176213,0.0,0.0,0.0,0.0,data/outer_force_dataset/v1\results\circle_g02_P5_combined_s1071_outer_expert_neural_mlp
v1_baseline,baseline,mlp,neural_outer_force_mlp,test,circle_g04_P5_combined_s1083_outer_expert,circle,True,True,0.12204509949464379,0.0,0.8869179600886918,0.0,0.0,data/outer_force_dataset/v1\results\circle_g04_P5_combined_s1083_outer_expert_neural_mlp
v1_baseline,baseline,mlp,neural_outer_force_mlp,test,circle_g06_P4_noise_low_s1094_outer_expert,circle,True,True,0.027214016023402128,0.0,0.0,0.0,0.0,data/outer_force_dataset/v1\results\circle_g06_P4_noise_low_s1094_outer_expert_neural_mlp
v1_baseline,baseline,mlp,neural_outer_force_mlp,test,circle_g07_P2_wind_east_s1098_outer_expert,circle,True,True,0.1104315972466428,0.0,0.22172949002217296,0.0,0.0,data/outer_force_dataset/v1\results\circle_g07_P2_wind_east_s1098_outer_expert_neural_mlp
v1_baseline,baseline,mlp,neural_outer_force_mlp,test,circle_g07_P3_wind_ne_s1099_outer_expert,circle,True,True,0.11413360085832869,0.0,0.22172949002217296,0.0,0.0,data/outer_force_dataset/v1\results\circle_g07_P3_wind_ne_s1099_outer_expert_neural_mlp
v1_baseline,baseline,mlp,neural_outer_force_mlp,test,circle_g08_P3_wind_ne_s1105_outer_expert,circle,True,True,0.09030874398681933,0.0,0.22172949002217296,0.0,0.0,data/outer_force_dataset/v1\results\circle_g08_P3_wind_ne_s1105_outer_expert_neural_mlp
v1_baseline,baseline,mlp,neural_outer_force_mlp,test,lissajous_g04_P0_nominal_s1126_outer_expert,lissajous,True,True,0.07086888745525481,0.0,0.0,0.0,0.6663705019991115,data/outer_force_dataset/v1\results\lissajous_g04_P0_nominal_s1126_outer_expert_neural_mlp
v1_baseline,baseline,mlp,neural_outer_force_mlp,test,lissajous_g04_P1_drag_high_s1127_outer_expert,lissajous,True,True,0.07095120904034499,0.0,0.0,0.0,0.6663705019991115,data/outer_force_dataset/v1\results\lissajous_g04_P1_drag_high_s1127_outer_expert_neural_mlp
v1_baseline,baseline,mlp,neural_outer_force_mlp,test,lissajous_g05_P0_nominal_s1132_outer_expert,lissajous,True,True,0.06038914560441356,0.0,0.0,0.0,0.0,data/outer_force_dataset/v1\results\lissajous_g05_P0_nominal_s1132_outer_expert_neural_mlp
v1_baseline,baseline,mlp,neural_outer_force_mlp,test,lissajous_g05_P3_wind_ne_s1135_outer_expert,lissajous,True,True,0.0650169698494282,0.0,0.0,0.0,0.0,data/outer_force_dataset/v1\results\lissajous_g05_P3_wind_ne_s1135_outer_expert_neural_mlp
v1_baseline,baseline,mlp,neural_outer_force_mlp,test,lissajous_g06_P2_wind_east_s1140_outer_expert,lissajous,True,True,0.0229354789950858,0.0,0.0,0.0,0.0,data/outer_force_dataset/v1\results\lissajous_g06_P2_wind_east_s1140_outer_expert_neural_mlp
v1_baseline,baseline,mlp,neural_outer_force_mlp,test,lissajous_g07_P0_nominal_s1144_outer_expert,lissajous,True,True,0.045200682302665954,0.0,0.0,0.0,0.0,data/outer_force_dataset/v1\results\lissajous_g07_P0_nominal_s1144_outer_expert_neural_mlp
v1_baseline,baseline,mlp,neural_outer_force_mlp,test,lissajous_g07_P5_combined_s1149_outer_expert,lissajous,True,True,0.08090758490174155,0.0,0.0,0.0,0.0,data/outer_force_dataset/v1\results\lissajous_g07_P5_combined_s1149_outer_expert_neural_mlp
v1_baseline,baseline,mlp,neural_outer_force_mlp,test,waypoint_g01_P1_drag_high_s1157_outer_expert,waypoint,True,True,0.04987735530221091,0.0,0.0,0.0,0.0,data/outer_force_dataset/v1\results\waypoint_g01_P1_drag_high_s1157_outer_expert_neural_mlp
v1_baseline,baseline,mlp,neural_outer_force_mlp,test,waypoint_g01_P3_wind_ne_s1159_outer_expert,waypoint,True,True,0.07096973140900752,0.0,0.0,0.0,0.0,data/outer_force_dataset/v1\results\waypoint_g01_P3_wind_ne_s1159_outer_expert_neural_mlp
v1_baseline,baseline,mlp,neural_outer_force_mlp,test,waypoint_g02_P3_wind_ne_s1165_outer_expert,waypoint,True,True,0.08712172589898276,0.0,0.0,0.0,0.0,data/outer_force_dataset/v1\results\waypoint_g02_P3_wind_ne_s1165_outer_expert_neural_mlp
v1_baseline,baseline,mlp,neural_outer_force_mlp,test,waypoint_g03_P0_nominal_s1168_outer_expert,waypoint,True,True,0.06107502976475,0.0,0.0,0.0,0.0,data/outer_force_dataset/v1\results\waypoint_g03_P0_nominal_s1168_outer_expert_neural_mlp
v1_baseline,baseline,mlp,neural_outer_force_mlp,test,waypoint_g03_P5_combined_s1173_outer_expert,waypoint,True,True,0.11241145791888307,0.0,0.0,0.0,0.0,data/outer_force_dataset/v1\results\waypoint_g03_P5_combined_s1173_outer_expert_neural_mlp
v1_baseline,baseline,mlp,neural_outer_force_mlp,test,waypoint_g04_P0_nominal_s1174_outer_expert,waypoint,True,True,0.069651385167614,0.0,0.0,0.0,0.0,data/outer_force_dataset/v1\results\waypoint_g04_P0_nominal_s1174_outer_expert_neural_mlp
v1_baseline,baseline,mlp,neural_outer_force_mlp,ood,lemniscate_3d_heavy_wind,lemniscate,True,True,0.077032676592556,0.0,2.564102564102564,0.0,0.0,data/neural_ood/battery_v1\results\lemniscate_3d_heavy_wind_neural_mlp
v1_baseline,baseline,mlp,neural_outer_force_mlp,ood,lemniscate_fast_center_yaw,lemniscate,True,True,0.10720996548139096,0.0,0.0,0.0,0.0,data/neural_ood/battery_v1\results\lemniscate_fast_center_yaw_neural_mlp
v1_baseline,baseline,mlp,neural_outer_force_mlp,ood,lemniscate_combined_extreme,lemniscate,False,False,0.4677544119945109,0.0,52.17391304347826,0.0,32.01754385964912,data/neural_ood/battery_v1\results\lemniscate_combined_extreme_neural_mlp
v1_baseline,baseline,mlp,neural_outer_force_mlp,ood,lissajous_3d_speedy,lissajous,True,True,0.12084378088059962,0.0,0.0,0.0,3.026841804683038,data/neural_ood/battery_v1\results\lissajous_3d_speedy_neural_mlp
v1_baseline,baseline,mlp,neural_outer_force_mlp,ood,lissajous_extreme_noise,lissajous,True,True,0.07715568656248877,0.0,9.401709401709402,0.0,0.3997715591090805,data/neural_ood/battery_v1\results\lissajous_extreme_noise_neural_mlp
v1_baseline,baseline,mlp,neural_outer_force_mlp,ood,composite_circle_to_lemniscate,composite,True,True,2.09899264999215,0.0,11.627906976744185,8.08609656777196,13.43804537521815,data/neural_ood/battery_v1\results\composite_circle_to_lemniscate_neural_mlp
v1_baseline,baseline,mlp,neural_outer_force_mlp,ood,composite_aggressive_transitions,composite,True,True,0.2059983686437245,0.0,3.4482758620689653,0.0,0.0,data/neural_ood/battery_v1\results\composite_aggressive_transitions_neural_mlp
v1_baseline,baseline,mlp,neural_outer_force_mlp,ood,helix_ascending_fast,waypoint,False,True,0.09192371785031464,0.0,0.0,0.0,0.0,data/neural_ood/battery_v1\results\helix_ascending_fast_neural_mlp
v1_baseline,baseline,mlp,neural_outer_force_mlp,ood,helix_descending_noise_wind,waypoint,False,True,0.11533082155395563,0.0,0.0,0.0,0.0,data/neural_ood/battery_v1\results\helix_descending_noise_wind_neural_mlp
v1_baseline,baseline,mlp,neural_outer_force_mlp,ood,helix_tight_aggressive,waypoint,False,True,0.2809823463027281,0.0,0.0,0.0,0.0,data/neural_ood/battery_v1\results\helix_tight_aggressive_neural_mlp
v1_baseline,baseline,gru,neural_outer_force_gru,test,hold_g03_P0_nominal_s1048_outer_expert,hold,True,True,0.0008760383735523014,0.0,0.0,0.0,0.0,data/outer_force_dataset/v1\results\hold_g03_P0_nominal_s1048_outer_expert_neural_gru
v1_baseline,baseline,gru,neural_outer_force_gru,test,hold_g03_P2_wind_east_s1049_outer_expert,hold,True,True,0.03058569506808459,0.0,0.0,0.0,0.0,data/outer_force_dataset/v1\results\hold_g03_P2_wind_east_s1049_outer_expert_neural_gru
v1_baseline,baseline,gru,neural_outer_force_gru,test,hold_g05_P5_combined_s1056_outer_expert,hold,True,True,0.11336739914293795,0.0,0.0,0.0,0.0,data/outer_force_dataset/v1\results\hold_g05_P5_combined_s1056_outer_expert_neural_gru
v1_baseline,baseline,gru,neural_outer_force_gru,test,circle_g02_P0_nominal_s1066_outer_expert,circle,True,True,0.03299300459627959,0.0,0.0,0.0,0.0,data/outer_force_dataset/v1\results\circle_g02_P0_nominal_s1066_outer_expert_neural_gru
v1_baseline,baseline,gru,neural_outer_force_gru,test,circle_g02_P5_combined_s1071_outer_expert,circle,True,True,0.12345066199068937,0.0,0.0,0.0,0.0,data/outer_force_dataset/v1\results\circle_g02_P5_combined_s1071_outer_expert_neural_gru
v1_baseline,baseline,gru,neural_outer_force_gru,test,circle_g04_P5_combined_s1083_outer_expert,circle,True,True,0.12097045515497462,0.0,1.1086474501108647,0.0,0.0,data/outer_force_dataset/v1\results\circle_g04_P5_combined_s1083_outer_expert_neural_gru
v1_baseline,baseline,gru,neural_outer_force_gru,test,circle_g06_P4_noise_low_s1094_outer_expert,circle,True,True,0.023153199651986384,0.0,0.0,0.0,0.0,data/outer_force_dataset/v1\results\circle_g06_P4_noise_low_s1094_outer_expert_neural_gru
v1_baseline,baseline,gru,neural_outer_force_gru,test,circle_g07_P2_wind_east_s1098_outer_expert,circle,True,True,0.1147884787287596,0.0,0.22172949002217296,0.0,0.0,data/outer_force_dataset/v1\results\circle_g07_P2_wind_east_s1098_outer_expert_neural_gru
v1_baseline,baseline,gru,neural_outer_force_gru,test,circle_g07_P3_wind_ne_s1099_outer_expert,circle,True,True,0.11613361144024195,0.0,0.22172949002217296,0.0,0.0,data/outer_force_dataset/v1\results\circle_g07_P3_wind_ne_s1099_outer_expert_neural_gru
v1_baseline,baseline,gru,neural_outer_force_gru,test,circle_g08_P3_wind_ne_s1105_outer_expert,circle,True,True,0.08261807905949839,0.0,0.22172949002217296,0.0,0.0,data/outer_force_dataset/v1\results\circle_g08_P3_wind_ne_s1105_outer_expert_neural_gru
v1_baseline,baseline,gru,neural_outer_force_gru,test,lissajous_g04_P0_nominal_s1126_outer_expert,lissajous,True,True,0.13413753329427486,0.0,0.0,0.0,0.0,data/outer_force_dataset/v1\results\lissajous_g04_P0_nominal_s1126_outer_expert_neural_gru
v1_baseline,baseline,gru,neural_outer_force_gru,test,lissajous_g04_P1_drag_high_s1127_outer_expert,lissajous,True,True,0.13634234169853648,0.0,0.0,0.0,0.0,data/outer_force_dataset/v1\results\lissajous_g04_P1_drag_high_s1127_outer_expert_neural_gru
v1_baseline,baseline,gru,neural_outer_force_gru,test,lissajous_g05_P0_nominal_s1132_outer_expert,lissajous,True,True,0.09686637429925943,0.0,0.0,0.0,0.0,data/outer_force_dataset/v1\results\lissajous_g05_P0_nominal_s1132_outer_expert_neural_gru
v1_baseline,baseline,gru,neural_outer_force_gru,test,lissajous_g05_P3_wind_ne_s1135_outer_expert,lissajous,True,True,0.09604474004830128,0.0,0.0,0.0,0.0,data/outer_force_dataset/v1\results\lissajous_g05_P3_wind_ne_s1135_outer_expert_neural_gru
v1_baseline,baseline,gru,neural_outer_force_gru,test,lissajous_g06_P2_wind_east_s1140_outer_expert,lissajous,True,True,0.023703206702934392,0.0,0.0,0.0,0.0,data/outer_force_dataset/v1\results\lissajous_g06_P2_wind_east_s1140_outer_expert_neural_gru
v1_baseline,baseline,gru,neural_outer_force_gru,test,lissajous_g07_P0_nominal_s1144_outer_expert,lissajous,True,True,0.06244887696677571,0.0,0.0,0.0,0.0,data/outer_force_dataset/v1\results\lissajous_g07_P0_nominal_s1144_outer_expert_neural_gru
v1_baseline,baseline,gru,neural_outer_force_gru,test,lissajous_g07_P5_combined_s1149_outer_expert,lissajous,True,True,0.08484534708828066,0.0,0.0,0.0,0.0,data/outer_force_dataset/v1\results\lissajous_g07_P5_combined_s1149_outer_expert_neural_gru
v1_baseline,baseline,gru,neural_outer_force_gru,test,waypoint_g01_P1_drag_high_s1157_outer_expert,waypoint,True,True,0.04991494797500392,0.0,0.0,0.0,0.0,data/outer_force_dataset/v1\results\waypoint_g01_P1_drag_high_s1157_outer_expert_neural_gru
v1_baseline,baseline,gru,neural_outer_force_gru,test,waypoint_g01_P3_wind_ne_s1159_outer_expert,waypoint,True,True,0.07153439185510228,0.0,0.0,0.0,0.0,data/outer_force_dataset/v1\results\waypoint_g01_P3_wind_ne_s1159_outer_expert_neural_gru
v1_baseline,baseline,gru,neural_outer_force_gru,test,waypoint_g02_P3_wind_ne_s1165_outer_expert,waypoint,True,True,0.08545061711662477,0.0,0.0,0.0,0.0,data/outer_force_dataset/v1\results\waypoint_g02_P3_wind_ne_s1165_outer_expert_neural_gru
v1_baseline,baseline,gru,neural_outer_force_gru,test,waypoint_g03_P0_nominal_s1168_outer_expert,waypoint,True,True,0.06243895662799251,0.0,0.0,0.0,0.0,data/outer_force_dataset/v1\results\waypoint_g03_P0_nominal_s1168_outer_expert_neural_gru
v1_baseline,baseline,gru,neural_outer_force_gru,test,waypoint_g03_P5_combined_s1173_outer_expert,waypoint,True,True,0.10632696357642235,0.0,0.0,0.0,0.0,data/outer_force_dataset/v1\results\waypoint_g03_P5_combined_s1173_outer_expert_neural_gru
v1_baseline,baseline,gru,neural_outer_force_gru,test,waypoint_g04_P0_nominal_s1174_outer_expert,waypoint,True,True,0.07080623297410275,0.0,0.0,0.0,0.0,data/outer_force_dataset/v1\results\waypoint_g04_P0_nominal_s1174_outer_expert_neural_gru
v1_baseline,baseline,gru,neural_outer_force_gru,ood,lemniscate_3d_heavy_wind,lemniscate,True,True,0.1257548821929361,0.0,2.2792022792022792,0.0,0.0,data/neural_ood/battery_v1\results\lemniscate_3d_heavy_wind_neural_gru
v1_baseline,baseline,gru,neural_outer_force_gru,ood,lemniscate_fast_center_yaw,lemniscate,True,True,0.12203269605805886,0.0,0.0,0.0,0.0,data/neural_ood/battery_v1\results\lemniscate_fast_center_yaw_neural_gru
v1_baseline,baseline,gru,neural_outer_force_gru,ood,lemniscate_combined_extreme,lemniscate,False,False,0.25006687750654405,0.0,36.15023474178404,0.0,0.0,data/neural_ood/battery_v1\results\lemniscate_combined_extreme_neural_gru
v1_baseline,baseline,gru,neural_outer_force_gru,ood,lissajous_3d_speedy,lissajous,True,True,0.26160483308418214,0.0,0.0,0.0,0.0,data/neural_ood/battery_v1\results\lissajous_3d_speedy_neural_gru
v1_baseline,baseline,gru,neural_outer_force_gru,ood,lissajous_extreme_noise,lissajous,True,True,0.09455841193078673,0.0,4.273504273504273,0.0,0.0,data/neural_ood/battery_v1\results\lissajous_extreme_noise_neural_gru
v1_baseline,baseline,gru,neural_outer_force_gru,ood,composite_circle_to_lemniscate,composite,True,True,0.3315034689613034,0.0,6.686046511627906,0.0,0.0,data/neural_ood/battery_v1\results\composite_circle_to_lemniscate_neural_gru
v1_baseline,baseline,gru,neural_outer_force_gru,ood,composite_aggressive_transitions,composite,True,True,0.20797604609216513,0.0,2.6178010471204187,0.0,0.0,data/neural_ood/battery_v1\results\composite_aggressive_transitions_neural_gru
v1_baseline,baseline,gru,neural_outer_force_gru,ood,helix_ascending_fast,waypoint,False,True,0.0878214900076481,0.0,0.0,0.0,0.0,data/neural_ood/battery_v1\results\helix_ascending_fast_neural_gru
v1_baseline,baseline,gru,neural_outer_force_gru,ood,helix_descending_noise_wind,waypoint,False,True,0.09770355289752168,0.0,0.2849002849002849,0.0,0.0,data/neural_ood/battery_v1\results\helix_descending_noise_wind_neural_gru
v1_baseline,baseline,gru,neural_outer_force_gru,ood,helix_tight_aggressive,waypoint,False,True,0.3013267626442032,0.0,0.0,0.0,0.0,data/neural_ood/battery_v1\results\helix_tight_aggressive_neural_gru
v1_baseline,baseline,lstm,neural_outer_force_lstm,test,hold_g03_P0_nominal_s1048_outer_expert,hold,True,True,0.0007080747785515045,0.0,0.0,0.0,0.0,data/outer_force_dataset/v1\results\hold_g03_P0_nominal_s1048_outer_expert_neural_lstm
v1_baseline,baseline,lstm,neural_outer_force_lstm,test,hold_g03_P2_wind_east_s1049_outer_expert,hold,True,True,0.031124483624673814,0.0,0.0,0.0,0.0,data/outer_force_dataset/v1\results\hold_g03_P2_wind_east_s1049_outer_expert_neural_lstm
v1_baseline,baseline,lstm,neural_outer_force_lstm,test,hold_g05_P5_combined_s1056_outer_expert,hold,True,True,0.11453527210279373,0.0,0.0,0.0,0.0,data/outer_force_dataset/v1\results\hold_g05_P5_combined_s1056_outer_expert_neural_lstm
v1_baseline,baseline,lstm,neural_outer_force_lstm,test,circle_g02_P0_nominal_s1066_outer_expert,circle,True,True,0.03738680136233658,0.0,0.0,0.0,0.0,data/outer_force_dataset/v1\results\circle_g02_P0_nominal_s1066_outer_expert_neural_lstm
v1_baseline,baseline,lstm,neural_outer_force_lstm,test,circle_g02_P5_combined_s1071_outer_expert,circle,True,True,0.12365363375822816,0.0,0.0,0.0,0.0,data/outer_force_dataset/v1\results\circle_g02_P5_combined_s1071_outer_expert_neural_lstm
v1_baseline,baseline,lstm,neural_outer_force_lstm,test,circle_g04_P5_combined_s1083_outer_expert,circle,True,True,0.12243633701685797,0.0,1.1086474501108647,0.0,0.0,data/outer_force_dataset/v1\results\circle_g04_P5_combined_s1083_outer_expert_neural_lstm
v1_baseline,baseline,lstm,neural_outer_force_lstm,test,circle_g06_P4_noise_low_s1094_outer_expert,circle,True,True,0.026738471967227378,0.0,0.0,0.0,0.0,data/outer_force_dataset/v1\results\circle_g06_P4_noise_low_s1094_outer_expert_neural_lstm
v1_baseline,baseline,lstm,neural_outer_force_lstm,test,circle_g07_P2_wind_east_s1098_outer_expert,circle,True,True,0.14680581109183324,0.0,0.22172949002217296,0.0,0.0,data/outer_force_dataset/v1\results\circle_g07_P2_wind_east_s1098_outer_expert_neural_lstm
v1_baseline,baseline,lstm,neural_outer_force_lstm,test,circle_g07_P3_wind_ne_s1099_outer_expert,circle,True,True,0.14459571607625127,0.0,0.22172949002217296,0.0,0.0,data/outer_force_dataset/v1\results\circle_g07_P3_wind_ne_s1099_outer_expert_neural_lstm
v1_baseline,baseline,lstm,neural_outer_force_lstm,test,circle_g08_P3_wind_ne_s1105_outer_expert,circle,True,True,0.09204293344299853,0.0,0.22172949002217296,0.0,0.0,data/outer_force_dataset/v1\results\circle_g08_P3_wind_ne_s1105_outer_expert_neural_lstm
v1_baseline,baseline,lstm,neural_outer_force_lstm,test,lissajous_g04_P0_nominal_s1126_outer_expert,lissajous,True,True,0.2322140381159384,0.0,0.0,0.0,0.0,data/outer_force_dataset/v1\results\lissajous_g04_P0_nominal_s1126_outer_expert_neural_lstm
v1_baseline,baseline,lstm,neural_outer_force_lstm,test,lissajous_g04_P1_drag_high_s1127_outer_expert,lissajous,True,True,0.22693689829055566,0.0,0.0,0.0,0.0,data/outer_force_dataset/v1\results\lissajous_g04_P1_drag_high_s1127_outer_expert_neural_lstm
v1_baseline,baseline,lstm,neural_outer_force_lstm,test,lissajous_g05_P0_nominal_s1132_outer_expert,lissajous,True,True,0.20939666138742083,0.0,0.0,0.0,0.0,data/outer_force_dataset/v1\results\lissajous_g05_P0_nominal_s1132_outer_expert_neural_lstm
v1_baseline,baseline,lstm,neural_outer_force_lstm,test,lissajous_g05_P3_wind_ne_s1135_outer_expert,lissajous,True,True,0.22460012634133497,0.0,0.0,0.0,0.0,data/outer_force_dataset/v1\results\lissajous_g05_P3_wind_ne_s1135_outer_expert_neural_lstm
v1_baseline,baseline,lstm,neural_outer_force_lstm,test,lissajous_g06_P2_wind_east_s1140_outer_expert,lissajous,True,True,0.024363427924338096,0.0,0.0,0.0,0.0,data/outer_force_dataset/v1\results\lissajous_g06_P2_wind_east_s1140_outer_expert_neural_lstm
v1_baseline,baseline,lstm,neural_outer_force_lstm,test,lissajous_g07_P0_nominal_s1144_outer_expert,lissajous,True,True,0.09668992534999546,0.0,0.0,0.0,0.0,data/outer_force_dataset/v1\results\lissajous_g07_P0_nominal_s1144_outer_expert_neural_lstm
v1_baseline,baseline,lstm,neural_outer_force_lstm,test,lissajous_g07_P5_combined_s1149_outer_expert,lissajous,True,True,0.11826234779742746,0.0,0.0,0.0,0.0,data/outer_force_dataset/v1\results\lissajous_g07_P5_combined_s1149_outer_expert_neural_lstm
v1_baseline,baseline,lstm,neural_outer_force_lstm,test,waypoint_g01_P1_drag_high_s1157_outer_expert,waypoint,True,True,0.049727301646301306,0.0,0.0,0.0,0.0,data/outer_force_dataset/v1\results\waypoint_g01_P1_drag_high_s1157_outer_expert_neural_lstm
v1_baseline,baseline,lstm,neural_outer_force_lstm,test,waypoint_g01_P3_wind_ne_s1159_outer_expert,waypoint,True,True,0.06931814778640491,0.0,0.0,0.0,0.0,data/outer_force_dataset/v1\results\waypoint_g01_P3_wind_ne_s1159_outer_expert_neural_lstm
v1_baseline,baseline,lstm,neural_outer_force_lstm,test,waypoint_g02_P3_wind_ne_s1165_outer_expert,waypoint,True,True,0.0842647437278276,0.0,0.0,0.0,0.0,data/outer_force_dataset/v1\results\waypoint_g02_P3_wind_ne_s1165_outer_expert_neural_lstm
v1_baseline,baseline,lstm,neural_outer_force_lstm,test,waypoint_g03_P0_nominal_s1168_outer_expert,waypoint,True,True,0.05959676213685468,0.0,0.0,0.0,0.0,data/outer_force_dataset/v1\results\waypoint_g03_P0_nominal_s1168_outer_expert_neural_lstm
v1_baseline,baseline,lstm,neural_outer_force_lstm,test,waypoint_g03_P5_combined_s1173_outer_expert,waypoint,True,True,0.10864798204736167,0.0,0.0,0.0,0.0,data/outer_force_dataset/v1\results\waypoint_g03_P5_combined_s1173_outer_expert_neural_lstm
v1_baseline,baseline,lstm,neural_outer_force_lstm,test,waypoint_g04_P0_nominal_s1174_outer_expert,waypoint,True,True,0.07158087548194814,0.0,0.0,0.0,0.0,data/outer_force_dataset/v1\results\waypoint_g04_P0_nominal_s1174_outer_expert_neural_lstm
v1_baseline,baseline,lstm,neural_outer_force_lstm,ood,lemniscate_3d_heavy_wind,lemniscate,True,True,0.16841310654715724,0.0,1.9943019943019942,0.0,0.0,data/neural_ood/battery_v1\results\lemniscate_3d_heavy_wind_neural_lstm
v1_baseline,baseline,lstm,neural_outer_force_lstm,ood,lemniscate_fast_center_yaw,lemniscate,True,True,1.3372364190845083,0.0,0.0,0.0,0.0,data/neural_ood/battery_v1\results\lemniscate_fast_center_yaw_neural_lstm
v1_baseline,baseline,lstm,neural_outer_force_lstm,ood,lemniscate_combined_extreme,lemniscate,True,True,0.18095013336542332,0.0,17.94871794871795,0.0,0.0,data/neural_ood/battery_v1\results\lemniscate_combined_extreme_neural_lstm
v1_baseline,baseline,lstm,neural_outer_force_lstm,ood,lissajous_3d_speedy,lissajous,True,True,3.4049402424987703,0.0,0.0,0.0,0.0,data/neural_ood/battery_v1\results\lissajous_3d_speedy_neural_lstm
v1_baseline,baseline,lstm,neural_outer_force_lstm,ood,lissajous_extreme_noise,lissajous,True,True,0.14190795616811097,0.0,2.564102564102564,0.0,0.0,data/neural_ood/battery_v1\results\lissajous_extreme_noise_neural_lstm
v1_baseline,baseline,lstm,neural_outer_force_lstm,ood,composite_circle_to_lemniscate,composite,True,True,0.7152668014559393,0.0,5.523255813953488,0.0,0.0,data/neural_ood/battery_v1\results\composite_circle_to_lemniscate_neural_lstm
v1_baseline,baseline,lstm,neural_outer_force_lstm,ood,composite_aggressive_transitions,composite,True,True,0.21085192084494525,0.0,3.125,0.0,0.0,data/neural_ood/battery_v1\results\composite_aggressive_transitions_neural_lstm
v1_baseline,baseline,lstm,neural_outer_force_lstm,ood,helix_ascending_fast,waypoint,False,True,0.08542762714564686,0.0,0.0,0.0,0.0,data/neural_ood/battery_v1\results\helix_ascending_fast_neural_lstm
v1_baseline,baseline,lstm,neural_outer_force_lstm,ood,helix_descending_noise_wind,waypoint,False,True,0.11278786633673624,0.0,0.0,0.0,0.0,data/neural_ood/battery_v1\results\helix_descending_noise_wind_neural_lstm
v1_baseline,baseline,lstm,neural_outer_force_lstm,ood,helix_tight_aggressive,waypoint,False,True,0.30254702678866563,0.0,0.0,0.0,0.0,data/neural_ood/battery_v1\results\helix_tight_aggressive_neural_lstm
h128,h128,mlp,neural_outer_force_mlp,test,hold_g03_P0_nominal_s1048_outer_expert,hold,True,True,0.0010502663735019208,0.0,0.0,0.0,0.0,data/outer_force_dataset/v1\results\hold_g03_P0_nominal_s1048_outer_expert_neural_mlp_h128
h128,h128,mlp,neural_outer_force_mlp,test,hold_g03_P2_wind_east_s1049_outer_expert,hold,True,True,0.032401385165754144,0.0,0.0,0.0,0.0,data/outer_force_dataset/v1\results\hold_g03_P2_wind_east_s1049_outer_expert_neural_mlp_h128
h128,h128,mlp,neural_outer_force_mlp,test,hold_g05_P5_combined_s1056_outer_expert,hold,True,True,0.11584374064179391,0.0,0.0,0.0,0.0,data/outer_force_dataset/v1\results\hold_g05_P5_combined_s1056_outer_expert_neural_mlp_h128
h128,h128,mlp,neural_outer_force_mlp,test,circle_g02_P0_nominal_s1066_outer_expert,circle,True,True,0.04059861560564517,0.0,0.0,0.0,0.0,data/outer_force_dataset/v1\results\circle_g02_P0_nominal_s1066_outer_expert_neural_mlp_h128
h128,h128,mlp,neural_outer_force_mlp,test,circle_g02_P5_combined_s1071_outer_expert,circle,True,True,0.12540661502059164,0.0,0.0,0.0,0.0,data/outer_force_dataset/v1\results\circle_g02_P5_combined_s1071_outer_expert_neural_mlp_h128
h128,h128,mlp,neural_outer_force_mlp,test,circle_g04_P5_combined_s1083_outer_expert,circle,True,True,0.12563992490071257,0.0,0.8869179600886918,0.0,0.0,data/outer_force_dataset/v1\results\circle_g04_P5_combined_s1083_outer_expert_neural_mlp_h128
h128,h128,mlp,neural_outer_force_mlp,test,circle_g06_P4_noise_low_s1094_outer_expert,circle,True,True,0.027117978202610117,0.0,0.0,0.0,0.0,data/outer_force_dataset/v1\results\circle_g06_P4_noise_low_s1094_outer_expert_neural_mlp_h128
h128,h128,mlp,neural_outer_force_mlp,test,circle_g07_P2_wind_east_s1098_outer_expert,circle,True,True,0.11047264305335691,0.0,0.22172949002217296,0.0,0.0,data/outer_force_dataset/v1\results\circle_g07_P2_wind_east_s1098_outer_expert_neural_mlp_h128
h128,h128,mlp,neural_outer_force_mlp,test,circle_g07_P3_wind_ne_s1099_outer_expert,circle,True,True,0.1145673204450168,0.0,0.22172949002217296,0.0,0.0,data/outer_force_dataset/v1\results\circle_g07_P3_wind_ne_s1099_outer_expert_neural_mlp_h128
h128,h128,mlp,neural_outer_force_mlp,test,circle_g08_P3_wind_ne_s1105_outer_expert,circle,True,True,0.09074984990389966,0.0,0.22172949002217296,0.0,0.0,data/outer_force_dataset/v1\results\circle_g08_P3_wind_ne_s1105_outer_expert_neural_mlp_h128
h128,h128,mlp,neural_outer_force_mlp,test,lissajous_g04_P0_nominal_s1126_outer_expert,lissajous,True,True,0.07228655681040728,0.0,0.0,0.0,0.6663705019991115,data/outer_force_dataset/v1\results\lissajous_g04_P0_nominal_s1126_outer_expert_neural_mlp_h128
h128,h128,mlp,neural_outer_force_mlp,test,lissajous_g04_P1_drag_high_s1127_outer_expert,lissajous,True,True,0.07171334854951009,0.0,0.0,0.0,0.6663705019991115,data/outer_force_dataset/v1\results\lissajous_g04_P1_drag_high_s1127_outer_expert_neural_mlp_h128
h128,h128,mlp,neural_outer_force_mlp,test,lissajous_g05_P0_nominal_s1132_outer_expert,lissajous,True,True,0.06146119083552536,0.0,0.0,0.0,0.0,data/outer_force_dataset/v1\results\lissajous_g05_P0_nominal_s1132_outer_expert_neural_mlp_h128
h128,h128,mlp,neural_outer_force_mlp,test,lissajous_g05_P3_wind_ne_s1135_outer_expert,lissajous,True,True,0.0658576551845297,0.0,0.0,0.0,0.0,data/outer_force_dataset/v1\results\lissajous_g05_P3_wind_ne_s1135_outer_expert_neural_mlp_h128
h128,h128,mlp,neural_outer_force_mlp,test,lissajous_g06_P2_wind_east_s1140_outer_expert,lissajous,True,True,0.024339602717583914,0.0,0.0,0.0,0.0,data/outer_force_dataset/v1\results\lissajous_g06_P2_wind_east_s1140_outer_expert_neural_mlp_h128
h128,h128,mlp,neural_outer_force_mlp,test,lissajous_g07_P0_nominal_s1144_outer_expert,lissajous,True,True,0.04569439185622709,0.0,0.0,0.0,0.0,data/outer_force_dataset/v1\results\lissajous_g07_P0_nominal_s1144_outer_expert_neural_mlp_h128
h128,h128,mlp,neural_outer_force_mlp,test,lissajous_g07_P5_combined_s1149_outer_expert,lissajous,True,True,0.08114609109282052,0.0,0.0,0.0,0.0,data/outer_force_dataset/v1\results\lissajous_g07_P5_combined_s1149_outer_expert_neural_mlp_h128
h128,h128,mlp,neural_outer_force_mlp,test,waypoint_g01_P1_drag_high_s1157_outer_expert,waypoint,True,True,0.04958800060213017,0.0,0.0,0.0,0.0,data/outer_force_dataset/v1\results\waypoint_g01_P1_drag_high_s1157_outer_expert_neural_mlp_h128
h128,h128,mlp,neural_outer_force_mlp,test,waypoint_g01_P3_wind_ne_s1159_outer_expert,waypoint,True,True,0.07122211622738861,0.0,0.0,0.0,0.0,data/outer_force_dataset/v1\results\waypoint_g01_P3_wind_ne_s1159_outer_expert_neural_mlp_h128
h128,h128,mlp,neural_outer_force_mlp,test,waypoint_g02_P3_wind_ne_s1165_outer_expert,waypoint,True,True,0.08787536356507367,0.0,0.0,0.0,0.0,data/outer_force_dataset/v1\results\waypoint_g02_P3_wind_ne_s1165_outer_expert_neural_mlp_h128
h128,h128,mlp,neural_outer_force_mlp,test,waypoint_g03_P0_nominal_s1168_outer_expert,waypoint,True,True,0.06157385603160453,0.0,0.0,0.0,0.0,data/outer_force_dataset/v1\results\waypoint_g03_P0_nominal_s1168_outer_expert_neural_mlp_h128
h128,h128,mlp,neural_outer_force_mlp,test,waypoint_g03_P5_combined_s1173_outer_expert,waypoint,True,True,0.11651890922100525,0.0,0.0,0.0,0.0,data/outer_force_dataset/v1\results\waypoint_g03_P5_combined_s1173_outer_expert_neural_mlp_h128
h128,h128,mlp,neural_outer_force_mlp,test,waypoint_g04_P0_nominal_s1174_outer_expert,waypoint,True,True,0.06841158713279387,0.0,0.0,0.0,0.0,data/outer_force_dataset/v1\results\waypoint_g04_P0_nominal_s1174_outer_expert_neural_mlp_h128
h128,h128,mlp,neural_outer_force_mlp,ood,lemniscate_3d_heavy_wind,lemniscate,True,True,0.07712352635963685,0.0,2.564102564102564,0.0,0.0,data/neural_ood/battery_v1\results\lemniscate_3d_heavy_wind_neural_mlp_h128
h128,h128,mlp,neural_outer_force_mlp,ood,lemniscate_fast_center_yaw,lemniscate,True,True,0.10728281569572191,0.0,0.0,0.0,0.0,data/neural_ood/battery_v1\results\lemniscate_fast_center_yaw_neural_mlp_h128
h128,h128,mlp,neural_outer_force_mlp,ood,lemniscate_combined_extreme,lemniscate,True,True,0.16410957082979982,0.0,25.64102564102564,0.0,0.8566533409480297,data/neural_ood/battery_v1\results\lemniscate_combined_extreme_neural_mlp_h128
h128,h128,mlp,neural_outer_force_mlp,ood,lissajous_3d_speedy,lissajous,True,True,0.12506796766326253,0.0,0.0,0.0,3.083952027412907,data/neural_ood/battery_v1\results\lissajous_3d_speedy_neural_mlp_h128
h128,h128,mlp,neural_outer_force_mlp,ood,lissajous_extreme_noise,lissajous,True,True,0.07625264365407247,0.0,9.686609686609685,0.0,0.34266133637921187,data/neural_ood/battery_v1\results\lissajous_extreme_noise_neural_mlp_h128
h128,h128,mlp,neural_outer_force_mlp,ood,composite_circle_to_lemniscate,composite,True,True,1.6638600215871904,0.0,12.790697674418606,6.864456079115765,13.903432228039557,data/neural_ood/battery_v1\results\composite_circle_to_lemniscate_neural_mlp_h128
h128,h128,mlp,neural_outer_force_mlp,ood,composite_aggressive_transitions,composite,True,True,0.21017388333457965,0.0,3.4482758620689653,0.0,0.0,data/neural_ood/battery_v1\results\composite_aggressive_transitions_neural_mlp_h128
h128,h128,mlp,neural_outer_force_mlp,ood,helix_ascending_fast,waypoint,False,True,0.09115095897458961,0.0,0.0,0.0,0.0,data/neural_ood/battery_v1\results\helix_ascending_fast_neural_mlp_h128
h128,h128,mlp,neural_outer_force_mlp,ood,helix_descending_noise_wind,waypoint,False,True,0.1194080959317948,0.0,0.2849002849002849,0.0,0.0,data/neural_ood/battery_v1\results\helix_descending_noise_wind_neural_mlp_h128
h128,h128,mlp,neural_outer_force_mlp,ood,helix_tight_aggressive,waypoint,False,True,0.28225018312544187,0.0,0.0,0.0,0.0,data/neural_ood/battery_v1\results\helix_tight_aggressive_neural_mlp_h128
h128,h128,gru,neural_outer_force_gru,test,hold_g03_P0_nominal_s1048_outer_expert,hold,True,True,0.0004782924222183109,0.0,0.0,0.0,0.0,data/outer_force_dataset/v1\results\hold_g03_P0_nominal_s1048_outer_expert_neural_gru_h128
h128,h128,gru,neural_outer_force_gru,test,hold_g03_P2_wind_east_s1049_outer_expert,hold,True,True,0.03193992559459372,0.0,0.0,0.0,0.0,data/outer_force_dataset/v1\results\hold_g03_P2_wind_east_s1049_outer_expert_neural_gru_h128
h128,h128,gru,neural_outer_force_gru,test,hold_g05_P5_combined_s1056_outer_expert,hold,True,True,0.11461402848731135,0.0,0.0,0.0,0.0,data/outer_force_dataset/v1\results\hold_g05_P5_combined_s1056_outer_expert_neural_gru_h128
h128,h128,gru,neural_outer_force_gru,test,circle_g02_P0_nominal_s1066_outer_expert,circle,True,True,0.04052026694823504,0.0,0.0,0.0,0.0,data/outer_force_dataset/v1\results\circle_g02_P0_nominal_s1066_outer_expert_neural_gru_h128
h128,h128,gru,neural_outer_force_gru,test,circle_g02_P5_combined_s1071_outer_expert,circle,True,True,0.12453270944459809,0.0,0.0,0.0,0.0,data/outer_force_dataset/v1\results\circle_g02_P5_combined_s1071_outer_expert_neural_gru_h128
h128,h128,gru,neural_outer_force_gru,test,circle_g04_P5_combined_s1083_outer_expert,circle,True,True,0.12623794836657187,0.0,1.1086474501108647,0.0,0.0,data/outer_force_dataset/v1\results\circle_g04_P5_combined_s1083_outer_expert_neural_gru_h128
h128,h128,gru,neural_outer_force_gru,test,circle_g06_P4_noise_low_s1094_outer_expert,circle,True,True,0.028155878252846395,0.0,0.0,0.0,0.0,data/outer_force_dataset/v1\results\circle_g06_P4_noise_low_s1094_outer_expert_neural_gru_h128
h128,h128,gru,neural_outer_force_gru,test,circle_g07_P2_wind_east_s1098_outer_expert,circle,True,True,0.12809480369045487,0.0,0.4434589800443459,0.0,0.0,data/outer_force_dataset/v1\results\circle_g07_P2_wind_east_s1098_outer_expert_neural_gru_h128
h128,h128,gru,neural_outer_force_gru,test,circle_g07_P3_wind_ne_s1099_outer_expert,circle,True,True,0.1285306614847725,0.0,0.4434589800443459,0.0,0.0,data/outer_force_dataset/v1\results\circle_g07_P3_wind_ne_s1099_outer_expert_neural_gru_h128
h128,h128,gru,neural_outer_force_gru,test,circle_g08_P3_wind_ne_s1105_outer_expert,circle,True,True,0.09389065645186312,0.0,0.22172949002217296,0.0,0.0,data/outer_force_dataset/v1\results\circle_g08_P3_wind_ne_s1105_outer_expert_neural_gru_h128
h128,h128,gru,neural_outer_force_gru,test,lissajous_g04_P0_nominal_s1126_outer_expert,lissajous,True,True,0.1485712156408534,0.0,0.0,0.0,0.0,data/outer_force_dataset/v1\results\lissajous_g04_P0_nominal_s1126_outer_expert_neural_gru_h128
h128,h128,gru,neural_outer_force_gru,test,lissajous_g04_P1_drag_high_s1127_outer_expert,lissajous,True,True,0.15313356119851027,0.0,0.0,0.0,0.0,data/outer_force_dataset/v1\results\lissajous_g04_P1_drag_high_s1127_outer_expert_neural_gru_h128
h128,h128,gru,neural_outer_force_gru,test,lissajous_g05_P0_nominal_s1132_outer_expert,lissajous,True,True,0.09848874410710617,0.0,0.0,0.0,0.0,data/outer_force_dataset/v1\results\lissajous_g05_P0_nominal_s1132_outer_expert_neural_gru_h128
h128,h128,gru,neural_outer_force_gru,test,lissajous_g05_P3_wind_ne_s1135_outer_expert,lissajous,True,True,0.09625473719719747,0.0,0.0,0.0,0.0,data/outer_force_dataset/v1\results\lissajous_g05_P3_wind_ne_s1135_outer_expert_neural_gru_h128
h128,h128,gru,neural_outer_force_gru,test,lissajous_g06_P2_wind_east_s1140_outer_expert,lissajous,True,True,0.025773536052375437,0.0,0.0,0.0,0.0,data/outer_force_dataset/v1\results\lissajous_g06_P2_wind_east_s1140_outer_expert_neural_gru_h128
h128,h128,gru,neural_outer_force_gru,test,lissajous_g07_P0_nominal_s1144_outer_expert,lissajous,True,True,0.06995498078423888,0.0,0.0,0.0,0.0,data/outer_force_dataset/v1\results\lissajous_g07_P0_nominal_s1144_outer_expert_neural_gru_h128
h128,h128,gru,neural_outer_force_gru,test,lissajous_g07_P5_combined_s1149_outer_expert,lissajous,True,True,0.08779663690231294,0.0,0.0,0.0,0.0,data/outer_force_dataset/v1\results\lissajous_g07_P5_combined_s1149_outer_expert_neural_gru_h128
h128,h128,gru,neural_outer_force_gru,test,waypoint_g01_P1_drag_high_s1157_outer_expert,waypoint,True,True,0.04982434896158576,0.0,0.0,0.0,0.0,data/outer_force_dataset/v1\results\waypoint_g01_P1_drag_high_s1157_outer_expert_neural_gru_h128
h128,h128,gru,neural_outer_force_gru,test,waypoint_g01_P3_wind_ne_s1159_outer_expert,waypoint,True,True,0.07054076924107093,0.0,0.0,0.0,0.0,data/outer_force_dataset/v1\results\waypoint_g01_P3_wind_ne_s1159_outer_expert_neural_gru_h128
h128,h128,gru,neural_outer_force_gru,test,waypoint_g02_P3_wind_ne_s1165_outer_expert,waypoint,True,True,0.08954326632737461,0.0,0.0,0.0,0.0,data/outer_force_dataset/v1\results\waypoint_g02_P3_wind_ne_s1165_outer_expert_neural_gru_h128
h128,h128,gru,neural_outer_force_gru,test,waypoint_g03_P0_nominal_s1168_outer_expert,waypoint,True,True,0.06492266163220291,0.0,0.0,0.0,0.0,data/outer_force_dataset/v1\results\waypoint_g03_P0_nominal_s1168_outer_expert_neural_gru_h128
h128,h128,gru,neural_outer_force_gru,test,waypoint_g03_P5_combined_s1173_outer_expert,waypoint,True,True,0.11498503797883451,0.0,0.0,0.0,0.0,data/outer_force_dataset/v1\results\waypoint_g03_P5_combined_s1173_outer_expert_neural_gru_h128
h128,h128,gru,neural_outer_force_gru,test,waypoint_g04_P0_nominal_s1174_outer_expert,waypoint,True,True,0.07376513918273762,0.0,0.0,0.0,0.0,data/outer_force_dataset/v1\results\waypoint_g04_P0_nominal_s1174_outer_expert_neural_gru_h128
h128,h128,gru,neural_outer_force_gru,ood,lemniscate_3d_heavy_wind,lemniscate,True,True,0.12877268870136577,0.0,2.2792022792022792,0.0,0.0,data/neural_ood/battery_v1\results\lemniscate_3d_heavy_wind_neural_gru_h128
h128,h128,gru,neural_outer_force_gru,ood,lemniscate_fast_center_yaw,lemniscate,True,True,0.14292671751941705,0.0,0.0,0.0,0.0,data/neural_ood/battery_v1\results\lemniscate_fast_center_yaw_neural_gru_h128
h128,h128,gru,neural_outer_force_gru,ood,lemniscate_combined_extreme,lemniscate,False,False,0.39910778152598203,0.0,36.160714285714285,0.0,0.0,data/neural_ood/battery_v1\results\lemniscate_combined_extreme_neural_gru_h128
h128,h128,gru,neural_outer_force_gru,ood,lissajous_3d_speedy,lissajous,True,True,0.22193020129715832,0.0,0.0,0.0,0.0,data/neural_ood/battery_v1\results\lissajous_3d_speedy_neural_gru_h128
h128,h128,gru,neural_outer_force_gru,ood,lissajous_extreme_noise,lissajous,True,True,0.10207618669955652,0.0,7.122507122507122,0.0,0.0,data/neural_ood/battery_v1\results\lissajous_extreme_noise_neural_gru_h128
h128,h128,gru,neural_outer_force_gru,ood,composite_circle_to_lemniscate,composite,True,True,0.4170916810205884,0.0,5.813953488372093,0.0,0.0,data/neural_ood/battery_v1\results\composite_circle_to_lemniscate_neural_gru_h128
h128,h128,gru,neural_outer_force_gru,ood,composite_aggressive_transitions,composite,True,True,0.21091973468617503,0.0,3.1088082901554404,0.0,0.0,data/neural_ood/battery_v1\results\composite_aggressive_transitions_neural_gru_h128
h128,h128,gru,neural_outer_force_gru,ood,helix_ascending_fast,waypoint,False,True,0.08499916508163238,0.0,0.0,0.0,0.0,data/neural_ood/battery_v1\results\helix_ascending_fast_neural_gru_h128
h128,h128,gru,neural_outer_force_gru,ood,helix_descending_noise_wind,waypoint,False,True,0.11187514628390585,0.0,0.5698005698005698,0.0,0.0,data/neural_ood/battery_v1\results\helix_descending_noise_wind_neural_gru_h128
h128,h128,gru,neural_outer_force_gru,ood,helix_tight_aggressive,waypoint,False,True,0.29420485746403524,0.0,0.0,0.0,0.0,data/neural_ood/battery_v1\results\helix_tight_aggressive_neural_gru_h128
h128,h128,lstm,neural_outer_force_lstm,test,hold_g03_P0_nominal_s1048_outer_expert,hold,True,True,0.0010505514419377057,0.0,0.0,0.0,0.0,data/outer_force_dataset/v1\results\hold_g03_P0_nominal_s1048_outer_expert_neural_lstm_h128
h128,h128,lstm,neural_outer_force_lstm,test,hold_g03_P2_wind_east_s1049_outer_expert,hold,True,True,0.032100632574761284,0.0,0.0,0.0,0.0,data/outer_force_dataset/v1\results\hold_g03_P2_wind_east_s1049_outer_expert_neural_lstm_h128
h128,h128,lstm,neural_outer_force_lstm,test,hold_g05_P5_combined_s1056_outer_expert,hold,True,True,0.11370449721220782,0.0,0.0,0.0,0.0,data/outer_force_dataset/v1\results\hold_g05_P5_combined_s1056_outer_expert_neural_lstm_h128
h128,h128,lstm,neural_outer_force_lstm,test,circle_g02_P0_nominal_s1066_outer_expert,circle,True,True,0.040997699019552934,0.0,0.0,0.0,0.0,data/outer_force_dataset/v1\results\circle_g02_P0_nominal_s1066_outer_expert_neural_lstm_h128
h128,h128,lstm,neural_outer_force_lstm,test,circle_g02_P5_combined_s1071_outer_expert,circle,True,True,0.12393235662091782,0.0,0.0,0.0,0.0,data/outer_force_dataset/v1\results\circle_g02_P5_combined_s1071_outer_expert_neural_lstm_h128
h128,h128,lstm,neural_outer_force_lstm,test,circle_g04_P5_combined_s1083_outer_expert,circle,True,True,0.12612436857145623,0.0,0.8869179600886918,0.0,0.0,data/outer_force_dataset/v1\results\circle_g04_P5_combined_s1083_outer_expert_neural_lstm_h128
h128,h128,lstm,neural_outer_force_lstm,test,circle_g06_P4_noise_low_s1094_outer_expert,circle,True,True,0.028170214903992057,0.0,0.0,0.0,0.0,data/outer_force_dataset/v1\results\circle_g06_P4_noise_low_s1094_outer_expert_neural_lstm_h128
h128,h128,lstm,neural_outer_force_lstm,test,circle_g07_P2_wind_east_s1098_outer_expert,circle,True,True,0.12900393080779554,0.0,0.22172949002217296,0.0,0.0,data/outer_force_dataset/v1\results\circle_g07_P2_wind_east_s1098_outer_expert_neural_lstm_h128
h128,h128,lstm,neural_outer_force_lstm,test,circle_g07_P3_wind_ne_s1099_outer_expert,circle,True,True,0.1285760746381334,0.0,0.22172949002217296,0.0,0.0,data/outer_force_dataset/v1\results\circle_g07_P3_wind_ne_s1099_outer_expert_neural_lstm_h128
h128,h128,lstm,neural_outer_force_lstm,test,circle_g08_P3_wind_ne_s1105_outer_expert,circle,True,True,0.0943418706222559,0.0,0.4434589800443459,0.0,0.0,data/outer_force_dataset/v1\results\circle_g08_P3_wind_ne_s1105_outer_expert_neural_lstm_h128
h128,h128,lstm,neural_outer_force_lstm,test,lissajous_g04_P0_nominal_s1126_outer_expert,lissajous,True,True,0.1270618296849245,0.0,0.0,0.0,0.0,data/outer_force_dataset/v1\results\lissajous_g04_P0_nominal_s1126_outer_expert_neural_lstm_h128
h128,h128,lstm,neural_outer_force_lstm,test,lissajous_g04_P1_drag_high_s1127_outer_expert,lissajous,True,True,0.12833264017832954,0.0,0.0,0.0,0.0,data/outer_force_dataset/v1\results\lissajous_g04_P1_drag_high_s1127_outer_expert_neural_lstm_h128
h128,h128,lstm,neural_outer_force_lstm,test,lissajous_g05_P0_nominal_s1132_outer_expert,lissajous,True,True,0.09340133455698442,0.0,0.0,0.0,0.0,data/outer_force_dataset/v1\results\lissajous_g05_P0_nominal_s1132_outer_expert_neural_lstm_h128
h128,h128,lstm,neural_outer_force_lstm,test,lissajous_g05_P3_wind_ne_s1135_outer_expert,lissajous,True,True,0.09384322977836158,0.0,0.0,0.0,0.0,data/outer_force_dataset/v1\results\lissajous_g05_P3_wind_ne_s1135_outer_expert_neural_lstm_h128
h128,h128,lstm,neural_outer_force_lstm,test,lissajous_g06_P2_wind_east_s1140_outer_expert,lissajous,True,True,0.026580339788987464,0.0,0.0,0.0,0.0,data/outer_force_dataset/v1\results\lissajous_g06_P2_wind_east_s1140_outer_expert_neural_lstm_h128
h128,h128,lstm,neural_outer_force_lstm,test,lissajous_g07_P0_nominal_s1144_outer_expert,lissajous,True,True,0.06495252202621357,0.0,0.0,0.0,0.0,data/outer_force_dataset/v1\results\lissajous_g07_P0_nominal_s1144_outer_expert_neural_lstm_h128
h128,h128,lstm,neural_outer_force_lstm,test,lissajous_g07_P5_combined_s1149_outer_expert,lissajous,True,True,0.08996443729815,0.0,0.0,0.0,0.0,data/outer_force_dataset/v1\results\lissajous_g07_P5_combined_s1149_outer_expert_neural_lstm_h128
h128,h128,lstm,neural_outer_force_lstm,test,waypoint_g01_P1_drag_high_s1157_outer_expert,waypoint,True,True,0.04945560526737983,0.0,0.0,0.0,0.0,data/outer_force_dataset/v1\results\waypoint_g01_P1_drag_high_s1157_outer_expert_neural_lstm_h128
h128,h128,lstm,neural_outer_force_lstm,test,waypoint_g01_P3_wind_ne_s1159_outer_expert,waypoint,True,True,0.0687314862834167,0.0,0.0,0.0,0.0,data/outer_force_dataset/v1\results\waypoint_g01_P3_wind_ne_s1159_outer_expert_neural_lstm_h128
h128,h128,lstm,neural_outer_force_lstm,test,waypoint_g02_P3_wind_ne_s1165_outer_expert,waypoint,True,True,0.08657634985220442,0.0,0.0,0.0,0.0,data/outer_force_dataset/v1\results\waypoint_g02_P3_wind_ne_s1165_outer_expert_neural_lstm_h128
h128,h128,lstm,neural_outer_force_lstm,test,waypoint_g03_P0_nominal_s1168_outer_expert,waypoint,True,True,0.06336551542510373,0.0,0.0,0.0,0.0,data/outer_force_dataset/v1\results\waypoint_g03_P0_nominal_s1168_outer_expert_neural_lstm_h128
h128,h128,lstm,neural_outer_force_lstm,test,waypoint_g03_P5_combined_s1173_outer_expert,waypoint,True,True,0.11008897518098303,0.0,0.0,0.0,0.0,data/outer_force_dataset/v1\results\waypoint_g03_P5_combined_s1173_outer_expert_neural_lstm_h128
h128,h128,lstm,neural_outer_force_lstm,test,waypoint_g04_P0_nominal_s1174_outer_expert,waypoint,True,True,0.07238363766701728,0.0,0.0,0.0,0.0,data/outer_force_dataset/v1\results\waypoint_g04_P0_nominal_s1174_outer_expert_neural_lstm_h128
h128,h128,lstm,neural_outer_force_lstm,ood,lemniscate_3d_heavy_wind,lemniscate,True,True,0.09978506690078494,0.0,2.2792022792022792,0.0,0.0,data/neural_ood/battery_v1\results\lemniscate_3d_heavy_wind_neural_lstm_h128
h128,h128,lstm,neural_outer_force_lstm,ood,lemniscate_fast_center_yaw,lemniscate,True,True,0.11523256371796732,0.0,0.0,0.0,0.0,data/neural_ood/battery_v1\results\lemniscate_fast_center_yaw_neural_lstm_h128
h128,h128,lstm,neural_outer_force_lstm,ood,lemniscate_combined_extreme,lemniscate,True,True,0.20247525986587644,0.0,10.826210826210826,0.0,0.0,data/neural_ood/battery_v1\results\lemniscate_combined_extreme_neural_lstm_h128
h128,h128,lstm,neural_outer_force_lstm,ood,lissajous_3d_speedy,lissajous,True,True,0.21248774971683035,0.0,0.0,0.0,0.0,data/neural_ood/battery_v1\results\lissajous_3d_speedy_neural_lstm_h128
h128,h128,lstm,neural_outer_force_lstm,ood,lissajous_extreme_noise,lissajous,True,True,0.0997612231340757,0.0,5.698005698005698,0.0,0.0,data/neural_ood/battery_v1\results\lissajous_extreme_noise_neural_lstm_h128
h128,h128,lstm,neural_outer_force_lstm,ood,composite_circle_to_lemniscate,composite,True,True,0.37049411095814294,0.0,5.813953488372093,0.0,0.0,data/neural_ood/battery_v1\results\composite_circle_to_lemniscate_neural_lstm_h128
h128,h128,lstm,neural_outer_force_lstm,ood,composite_aggressive_transitions,composite,True,True,0.20735189556825728,0.0,2.5906735751295336,0.0,0.0,data/neural_ood/battery_v1\results\composite_aggressive_transitions_neural_lstm_h128
h128,h128,lstm,neural_outer_force_lstm,ood,helix_ascending_fast,waypoint,False,True,0.08996088728447961,0.0,0.0,0.0,0.0,data/neural_ood/battery_v1\results\helix_ascending_fast_neural_lstm_h128
h128,h128,lstm,neural_outer_force_lstm,ood,helix_descending_noise_wind,waypoint,False,True,0.11123737724694788,0.0,0.2849002849002849,0.0,0.0,data/neural_ood/battery_v1\results\helix_descending_noise_wind_neural_lstm_h128
h128,h128,lstm,neural_outer_force_lstm,ood,helix_tight_aggressive,waypoint,False,True,0.30239216241156464,0.0,0.0,0.0,0.0,data/neural_ood/battery_v1\results\helix_tight_aggressive_neural_lstm_h128
L10,L10,gru,neural_outer_force_gru,test,hold_g03_P0_nominal_s1048_outer_expert,hold,True,True,0.0005494454432606311,0.0,0.0,0.0,0.0,data/outer_force_dataset/v1\results\hold_g03_P0_nominal_s1048_outer_expert_neural_gru_L10
L10,L10,gru,neural_outer_force_gru,test,hold_g03_P2_wind_east_s1049_outer_expert,hold,True,True,0.030630264563075858,0.0,0.0,0.0,0.0,data/outer_force_dataset/v1\results\hold_g03_P2_wind_east_s1049_outer_expert_neural_gru_L10
L10,L10,gru,neural_outer_force_gru,test,hold_g05_P5_combined_s1056_outer_expert,hold,True,True,0.11318861364741918,0.0,0.0,0.0,0.0,data/outer_force_dataset/v1\results\hold_g05_P5_combined_s1056_outer_expert_neural_gru_L10
L10,L10,gru,neural_outer_force_gru,test,circle_g02_P0_nominal_s1066_outer_expert,circle,True,True,0.03938718062379536,0.0,0.0,0.0,0.0,data/outer_force_dataset/v1\results\circle_g02_P0_nominal_s1066_outer_expert_neural_gru_L10
L10,L10,gru,neural_outer_force_gru,test,circle_g02_P5_combined_s1071_outer_expert,circle,True,True,0.12304308426463967,0.0,0.0,0.0,0.0,data/outer_force_dataset/v1\results\circle_g02_P5_combined_s1071_outer_expert_neural_gru_L10
L10,L10,gru,neural_outer_force_gru,test,circle_g04_P5_combined_s1083_outer_expert,circle,True,True,0.1250855494803405,0.0,0.8869179600886918,0.0,0.0,data/outer_force_dataset/v1\results\circle_g04_P5_combined_s1083_outer_expert_neural_gru_L10
L10,L10,gru,neural_outer_force_gru,test,circle_g06_P4_noise_low_s1094_outer_expert,circle,True,True,0.027296712100536143,0.0,0.0,0.0,0.0,data/outer_force_dataset/v1\results\circle_g06_P4_noise_low_s1094_outer_expert_neural_gru_L10
L10,L10,gru,neural_outer_force_gru,test,circle_g07_P2_wind_east_s1098_outer_expert,circle,True,True,0.13567895896648974,0.0,0.22172949002217296,0.0,0.0,data/outer_force_dataset/v1\results\circle_g07_P2_wind_east_s1098_outer_expert_neural_gru_L10
L10,L10,gru,neural_outer_force_gru,test,circle_g07_P3_wind_ne_s1099_outer_expert,circle,True,True,0.13321465238332295,0.0,0.22172949002217296,0.0,0.0,data/outer_force_dataset/v1\results\circle_g07_P3_wind_ne_s1099_outer_expert_neural_gru_L10
L10,L10,gru,neural_outer_force_gru,test,circle_g08_P3_wind_ne_s1105_outer_expert,circle,True,True,0.09181982980231841,0.0,0.22172949002217296,0.0,0.0,data/outer_force_dataset/v1\results\circle_g08_P3_wind_ne_s1105_outer_expert_neural_gru_L10
L10,L10,gru,neural_outer_force_gru,test,lissajous_g04_P0_nominal_s1126_outer_expert,lissajous,True,True,0.13361541750261932,0.0,0.0,0.0,0.0,data/outer_force_dataset/v1\results\lissajous_g04_P0_nominal_s1126_outer_expert_neural_gru_L10
L10,L10,gru,neural_outer_force_gru,test,lissajous_g04_P1_drag_high_s1127_outer_expert,lissajous,True,True,0.1376013789654496,0.0,0.0,0.0,0.0,data/outer_force_dataset/v1\results\lissajous_g04_P1_drag_high_s1127_outer_expert_neural_gru_L10
L10,L10,gru,neural_outer_force_gru,test,lissajous_g05_P0_nominal_s1132_outer_expert,lissajous,True,True,0.08933078904393582,0.0,0.0,0.0,0.0,data/outer_force_dataset/v1\results\lissajous_g05_P0_nominal_s1132_outer_expert_neural_gru_L10
L10,L10,gru,neural_outer_force_gru,test,lissajous_g05_P3_wind_ne_s1135_outer_expert,lissajous,True,True,0.08700990509889966,0.0,0.0,0.0,0.0,data/outer_force_dataset/v1\results\lissajous_g05_P3_wind_ne_s1135_outer_expert_neural_gru_L10
L10,L10,gru,neural_outer_force_gru,test,lissajous_g06_P2_wind_east_s1140_outer_expert,lissajous,True,True,0.025550218820908823,0.0,0.0,0.0,0.0,data/outer_force_dataset/v1\results\lissajous_g06_P2_wind_east_s1140_outer_expert_neural_gru_L10
L10,L10,gru,neural_outer_force_gru,test,lissajous_g07_P0_nominal_s1144_outer_expert,lissajous,True,True,0.06371794541947783,0.0,0.0,0.0,0.0,data/outer_force_dataset/v1\results\lissajous_g07_P0_nominal_s1144_outer_expert_neural_gru_L10
L10,L10,gru,neural_outer_force_gru,test,lissajous_g07_P5_combined_s1149_outer_expert,lissajous,True,True,0.08528069398631391,0.0,0.0,0.0,0.0,data/outer_force_dataset/v1\results\lissajous_g07_P5_combined_s1149_outer_expert_neural_gru_L10
L10,L10,gru,neural_outer_force_gru,test,waypoint_g01_P1_drag_high_s1157_outer_expert,waypoint,True,True,0.05006213781782039,0.0,0.0,0.0,0.0,data/outer_force_dataset/v1\results\waypoint_g01_P1_drag_high_s1157_outer_expert_neural_gru_L10
L10,L10,gru,neural_outer_force_gru,test,waypoint_g01_P3_wind_ne_s1159_outer_expert,waypoint,True,True,0.07010680766646654,0.0,0.0,0.0,0.0,data/outer_force_dataset/v1\results\waypoint_g01_P3_wind_ne_s1159_outer_expert_neural_gru_L10
L10,L10,gru,neural_outer_force_gru,test,waypoint_g02_P3_wind_ne_s1165_outer_expert,waypoint,True,True,0.08830711931777104,0.0,0.0,0.0,0.0,data/outer_force_dataset/v1\results\waypoint_g02_P3_wind_ne_s1165_outer_expert_neural_gru_L10
L10,L10,gru,neural_outer_force_gru,test,waypoint_g03_P0_nominal_s1168_outer_expert,waypoint,True,True,0.06708644512099168,0.0,0.0,0.0,0.0,data/outer_force_dataset/v1\results\waypoint_g03_P0_nominal_s1168_outer_expert_neural_gru_L10
L10,L10,gru,neural_outer_force_gru,test,waypoint_g03_P5_combined_s1173_outer_expert,waypoint,True,True,0.11200018025015328,0.0,0.0,0.0,0.0,data/outer_force_dataset/v1\results\waypoint_g03_P5_combined_s1173_outer_expert_neural_gru_L10
L10,L10,gru,neural_outer_force_gru,test,waypoint_g04_P0_nominal_s1174_outer_expert,waypoint,True,True,0.07496013407284118,0.0,0.0,0.0,0.0,data/outer_force_dataset/v1\results\waypoint_g04_P0_nominal_s1174_outer_expert_neural_gru_L10
L10,L10,gru,neural_outer_force_gru,ood,lemniscate_3d_heavy_wind,lemniscate,True,True,0.10249984259726776,0.0,2.2792022792022792,0.0,0.0,data/neural_ood/battery_v1\results\lemniscate_3d_heavy_wind_neural_gru_L10
L10,L10,gru,neural_outer_force_gru,ood,lemniscate_fast_center_yaw,lemniscate,True,True,0.1608023549108301,0.0,0.0,0.0,0.0,data/neural_ood/battery_v1\results\lemniscate_fast_center_yaw_neural_gru_L10
L10,L10,gru,neural_outer_force_gru,ood,lemniscate_combined_extreme,lemniscate,True,True,0.18502602767255205,0.0,18.233618233618234,0.0,0.0,data/neural_ood/battery_v1\results\lemniscate_combined_extreme_neural_gru_L10
L10,L10,gru,neural_outer_force_gru,ood,lissajous_3d_speedy,lissajous,True,True,0.2325183189907822,0.0,0.0,0.0,0.0,data/neural_ood/battery_v1\results\lissajous_3d_speedy_neural_gru_L10
L10,L10,gru,neural_outer_force_gru,ood,lissajous_extreme_noise,lissajous,True,True,0.09244249519444143,0.0,5.698005698005698,0.0,0.0,data/neural_ood/battery_v1\results\lissajous_extreme_noise_neural_gru_L10
L10,L10,gru,neural_outer_force_gru,ood,composite_circle_to_lemniscate,composite,True,True,0.3567595180974864,0.0,6.104651162790697,0.0,0.0,data/neural_ood/battery_v1\results\composite_circle_to_lemniscate_neural_gru_L10
L10,L10,gru,neural_outer_force_gru,ood,composite_aggressive_transitions,composite,True,True,0.23424786354540345,0.0,2.955665024630542,0.0,0.0,data/neural_ood/battery_v1\results\composite_aggressive_transitions_neural_gru_L10
L10,L10,gru,neural_outer_force_gru,ood,helix_ascending_fast,waypoint,False,True,0.08879650112309159,0.0,0.0,0.0,0.0,data/neural_ood/battery_v1\results\helix_ascending_fast_neural_gru_L10
L10,L10,gru,neural_outer_force_gru,ood,helix_descending_noise_wind,waypoint,False,True,0.10952090730836447,0.0,0.5698005698005698,0.0,0.0,data/neural_ood/battery_v1\results\helix_descending_noise_wind_neural_gru_L10
L10,L10,gru,neural_outer_force_gru,ood,helix_tight_aggressive,waypoint,False,True,0.2932537271636032,0.0,0.0,0.0,0.0,data/neural_ood/battery_v1\results\helix_tight_aggressive_neural_gru_L10
L10,L10,lstm,neural_outer_force_lstm,test,hold_g03_P0_nominal_s1048_outer_expert,hold,True,True,0.0016219908690129504,0.0,0.0,0.0,0.0,data/outer_force_dataset/v1\results\hold_g03_P0_nominal_s1048_outer_expert_neural_lstm_L10
L10,L10,lstm,neural_outer_force_lstm,test,hold_g03_P2_wind_east_s1049_outer_expert,hold,True,True,0.03357093715509682,0.0,0.0,0.0,0.0,data/outer_force_dataset/v1\results\hold_g03_P2_wind_east_s1049_outer_expert_neural_lstm_L10
L10,L10,lstm,neural_outer_force_lstm,test,hold_g05_P5_combined_s1056_outer_expert,hold,True,True,0.11550483860538803,0.0,0.0,0.0,0.0,data/outer_force_dataset/v1\results\hold_g05_P5_combined_s1056_outer_expert_neural_lstm_L10
L10,L10,lstm,neural_outer_force_lstm,test,circle_g02_P0_nominal_s1066_outer_expert,circle,True,True,0.03875594031592665,0.0,0.0,0.0,0.0,data/outer_force_dataset/v1\results\circle_g02_P0_nominal_s1066_outer_expert_neural_lstm_L10
L10,L10,lstm,neural_outer_force_lstm,test,circle_g02_P5_combined_s1071_outer_expert,circle,True,True,0.12512222940461742,0.0,0.0,0.0,0.0,data/outer_force_dataset/v1\results\circle_g02_P5_combined_s1071_outer_expert_neural_lstm_L10
L10,L10,lstm,neural_outer_force_lstm,test,circle_g04_P5_combined_s1083_outer_expert,circle,True,True,0.12719292164596316,0.0,0.4434589800443459,0.0,0.0,data/outer_force_dataset/v1\results\circle_g04_P5_combined_s1083_outer_expert_neural_lstm_L10
L10,L10,lstm,neural_outer_force_lstm,test,circle_g06_P4_noise_low_s1094_outer_expert,circle,True,True,0.02732934144362233,0.0,0.0,0.0,0.0,data/outer_force_dataset/v1\results\circle_g06_P4_noise_low_s1094_outer_expert_neural_lstm_L10
L10,L10,lstm,neural_outer_force_lstm,test,circle_g07_P2_wind_east_s1098_outer_expert,circle,True,True,0.14693364287360206,0.0,0.22172949002217296,0.0,0.0,data/outer_force_dataset/v1\results\circle_g07_P2_wind_east_s1098_outer_expert_neural_lstm_L10
L10,L10,lstm,neural_outer_force_lstm,test,circle_g07_P3_wind_ne_s1099_outer_expert,circle,True,True,0.1449903295692053,0.0,0.22172949002217296,0.0,0.0,data/outer_force_dataset/v1\results\circle_g07_P3_wind_ne_s1099_outer_expert_neural_lstm_L10
L10,L10,lstm,neural_outer_force_lstm,test,circle_g08_P3_wind_ne_s1105_outer_expert,circle,True,True,0.09840101349891323,0.0,0.22172949002217296,0.0,0.0,data/outer_force_dataset/v1\results\circle_g08_P3_wind_ne_s1105_outer_expert_neural_lstm_L10
L10,L10,lstm,neural_outer_force_lstm,test,lissajous_g04_P0_nominal_s1126_outer_expert,lissajous,True,True,0.25052284103409683,0.0,0.0,0.0,0.0,data/outer_force_dataset/v1\results\lissajous_g04_P0_nominal_s1126_outer_expert_neural_lstm_L10
L10,L10,lstm,neural_outer_force_lstm,test,lissajous_g04_P1_drag_high_s1127_outer_expert,lissajous,True,True,0.25917162410736083,0.0,0.0,0.0,0.0,data/outer_force_dataset/v1\results\lissajous_g04_P1_drag_high_s1127_outer_expert_neural_lstm_L10
L10,L10,lstm,neural_outer_force_lstm,test,lissajous_g05_P0_nominal_s1132_outer_expert,lissajous,True,True,0.14063081426930493,0.0,0.0,0.0,0.0,data/outer_force_dataset/v1\results\lissajous_g05_P0_nominal_s1132_outer_expert_neural_lstm_L10
L10,L10,lstm,neural_outer_force_lstm,test,lissajous_g05_P3_wind_ne_s1135_outer_expert,lissajous,True,True,0.12706044787919618,0.0,0.0,0.0,0.0,data/outer_force_dataset/v1\results\lissajous_g05_P3_wind_ne_s1135_outer_expert_neural_lstm_L10
L10,L10,lstm,neural_outer_force_lstm,test,lissajous_g06_P2_wind_east_s1140_outer_expert,lissajous,True,True,0.0252379942674403,0.0,0.0,0.0,0.0,data/outer_force_dataset/v1\results\lissajous_g06_P2_wind_east_s1140_outer_expert_neural_lstm_L10
L10,L10,lstm,neural_outer_force_lstm,test,lissajous_g07_P0_nominal_s1144_outer_expert,lissajous,True,True,0.09807493240716864,0.0,0.0,0.0,0.0,data/outer_force_dataset/v1\results\lissajous_g07_P0_nominal_s1144_outer_expert_neural_lstm_L10
L10,L10,lstm,neural_outer_force_lstm,test,lissajous_g07_P5_combined_s1149_outer_expert,lissajous,True,True,0.09759057740910486,0.0,0.0,0.0,0.0,data/outer_force_dataset/v1\results\lissajous_g07_P5_combined_s1149_outer_expert_neural_lstm_L10
L10,L10,lstm,neural_outer_force_lstm,test,waypoint_g01_P1_drag_high_s1157_outer_expert,waypoint,True,True,0.049852067885236925,0.0,0.0,0.0,0.0,data/outer_force_dataset/v1\results\waypoint_g01_P1_drag_high_s1157_outer_expert_neural_lstm_L10
L10,L10,lstm,neural_outer_force_lstm,test,waypoint_g01_P3_wind_ne_s1159_outer_expert,waypoint,True,True,0.07053755458196248,0.0,0.0,0.0,0.0,data/outer_force_dataset/v1\results\waypoint_g01_P3_wind_ne_s1159_outer_expert_neural_lstm_L10
L10,L10,lstm,neural_outer_force_lstm,test,waypoint_g02_P3_wind_ne_s1165_outer_expert,waypoint,True,True,0.09005457586761804,0.0,0.0,0.0,0.0,data/outer_force_dataset/v1\results\waypoint_g02_P3_wind_ne_s1165_outer_expert_neural_lstm_L10
L10,L10,lstm,neural_outer_force_lstm,test,waypoint_g03_P0_nominal_s1168_outer_expert,waypoint,True,True,0.0642498227765558,0.0,0.0,0.0,0.0,data/outer_force_dataset/v1\results\waypoint_g03_P0_nominal_s1168_outer_expert_neural_lstm_L10
L10,L10,lstm,neural_outer_force_lstm,test,waypoint_g03_P5_combined_s1173_outer_expert,waypoint,True,True,0.11450642125827563,0.0,0.0,0.0,0.0,data/outer_force_dataset/v1\results\waypoint_g03_P5_combined_s1173_outer_expert_neural_lstm_L10
L10,L10,lstm,neural_outer_force_lstm,test,waypoint_g04_P0_nominal_s1174_outer_expert,waypoint,True,True,0.07331127887022078,0.0,0.0,0.0,0.0,data/outer_force_dataset/v1\results\waypoint_g04_P0_nominal_s1174_outer_expert_neural_lstm_L10
L10,L10,lstm,neural_outer_force_lstm,ood,lemniscate_3d_heavy_wind,lemniscate,True,True,0.19191832739346895,0.0,1.9943019943019942,0.0,0.0,data/neural_ood/battery_v1\results\lemniscate_3d_heavy_wind_neural_lstm_L10
L10,L10,lstm,neural_outer_force_lstm,ood,lemniscate_fast_center_yaw,lemniscate,True,True,0.1823397691437924,0.0,0.0,0.0,0.0,data/neural_ood/battery_v1\results\lemniscate_fast_center_yaw_neural_lstm_L10
L10,L10,lstm,neural_outer_force_lstm,ood,lemniscate_combined_extreme,lemniscate,False,False,0.45958749660358666,0.0,22.126436781609197,0.0,0.0,data/neural_ood/battery_v1\results\lemniscate_combined_extreme_neural_lstm_L10
L10,L10,lstm,neural_outer_force_lstm,ood,lissajous_3d_speedy,lissajous,True,True,0.32564291854429905,0.0,0.0,0.0,0.0,data/neural_ood/battery_v1\results\lissajous_3d_speedy_neural_lstm_L10
L10,L10,lstm,neural_outer_force_lstm,ood,lissajous_extreme_noise,lissajous,True,True,0.1415774420664591,0.0,1.4245014245014245,0.0,0.0,data/neural_ood/battery_v1\results\lissajous_extreme_noise_neural_lstm_L10
L10,L10,lstm,neural_outer_force_lstm,ood,composite_circle_to_lemniscate,composite,True,True,0.9011235695860662,0.0,4.3604651162790695,0.0,0.0,data/neural_ood/battery_v1\results\composite_circle_to_lemniscate_neural_lstm_L10
L10,L10,lstm,neural_outer_force_lstm,ood,composite_aggressive_transitions,composite,True,True,0.24844170118022801,0.0,3.125,0.0,0.0,data/neural_ood/battery_v1\results\composite_aggressive_transitions_neural_lstm_L10
L10,L10,lstm,neural_outer_force_lstm,ood,helix_ascending_fast,waypoint,False,True,0.0920472491219725,0.0,0.0,0.0,0.0,data/neural_ood/battery_v1\results\helix_ascending_fast_neural_lstm_L10
L10,L10,lstm,neural_outer_force_lstm,ood,helix_descending_noise_wind,waypoint,False,True,0.11180022797784926,0.0,0.0,0.0,0.0,data/neural_ood/battery_v1\results\helix_descending_noise_wind_neural_lstm_L10
L10,L10,lstm,neural_outer_force_lstm,ood,helix_tight_aggressive,waypoint,False,True,0.2989110640677203,0.0,0.0,0.0,0.0,data/neural_ood/battery_v1\results\helix_tight_aggressive_neural_lstm_L10
L40,L40,gru,neural_outer_force_gru,test,hold_g03_P0_nominal_s1048_outer_expert,hold,True,True,0.0003666816540395775,0.0,0.0,0.0,0.0,data/outer_force_dataset/v1\results\hold_g03_P0_nominal_s1048_outer_expert_neural_gru_L40
L40,L40,gru,neural_outer_force_gru,test,hold_g03_P2_wind_east_s1049_outer_expert,hold,True,True,0.0317839923885989,0.0,0.0,0.0,0.0,data/outer_force_dataset/v1\results\hold_g03_P2_wind_east_s1049_outer_expert_neural_gru_L40
L40,L40,gru,neural_outer_force_gru,test,hold_g05_P5_combined_s1056_outer_expert,hold,True,True,0.11225131754261951,0.0,0.0,0.0,0.0,data/outer_force_dataset/v1\results\hold_g05_P5_combined_s1056_outer_expert_neural_gru_L40
L40,L40,gru,neural_outer_force_gru,test,circle_g02_P0_nominal_s1066_outer_expert,circle,True,True,0.037166096177909044,0.0,0.0,0.0,0.0,data/outer_force_dataset/v1\results\circle_g02_P0_nominal_s1066_outer_expert_neural_gru_L40
L40,L40,gru,neural_outer_force_gru,test,circle_g02_P5_combined_s1071_outer_expert,circle,True,True,0.12109647793928908,0.0,0.0,0.0,0.0,data/outer_force_dataset/v1\results\circle_g02_P5_combined_s1071_outer_expert_neural_gru_L40
L40,L40,gru,neural_outer_force_gru,test,circle_g04_P5_combined_s1083_outer_expert,circle,True,True,0.11442958921304588,0.0,1.1086474501108647,0.0,0.0,data/outer_force_dataset/v1\results\circle_g04_P5_combined_s1083_outer_expert_neural_gru_L40
L40,L40,gru,neural_outer_force_gru,test,circle_g06_P4_noise_low_s1094_outer_expert,circle,True,True,0.027219383334500125,0.0,0.0,0.0,0.0,data/outer_force_dataset/v1\results\circle_g06_P4_noise_low_s1094_outer_expert_neural_gru_L40
L40,L40,gru,neural_outer_force_gru,test,circle_g07_P2_wind_east_s1098_outer_expert,circle,True,True,0.12136997185401621,0.0,0.22172949002217296,0.0,0.0,data/outer_force_dataset/v1\results\circle_g07_P2_wind_east_s1098_outer_expert_neural_gru_L40
L40,L40,gru,neural_outer_force_gru,test,circle_g07_P3_wind_ne_s1099_outer_expert,circle,True,True,0.12092694486269898,0.0,0.22172949002217296,0.0,0.0,data/outer_force_dataset/v1\results\circle_g07_P3_wind_ne_s1099_outer_expert_neural_gru_L40
L40,L40,gru,neural_outer_force_gru,test,circle_g08_P3_wind_ne_s1105_outer_expert,circle,True,True,0.08137612023231305,0.0,0.22172949002217296,0.0,0.0,data/outer_force_dataset/v1\results\circle_g08_P3_wind_ne_s1105_outer_expert_neural_gru_L40
L40,L40,gru,neural_outer_force_gru,test,lissajous_g04_P0_nominal_s1126_outer_expert,lissajous,True,True,0.12749175254920647,0.0,0.0,0.0,0.0,data/outer_force_dataset/v1\results\lissajous_g04_P0_nominal_s1126_outer_expert_neural_gru_L40
L40,L40,gru,neural_outer_force_gru,test,lissajous_g04_P1_drag_high_s1127_outer_expert,lissajous,True,True,0.13016571554295697,0.0,0.0,0.0,0.0,data/outer_force_dataset/v1\results\lissajous_g04_P1_drag_high_s1127_outer_expert_neural_gru_L40
L40,L40,gru,neural_outer_force_gru,test,lissajous_g05_P0_nominal_s1132_outer_expert,lissajous,True,True,0.09136387981969463,0.0,0.0,0.0,0.0,data/outer_force_dataset/v1\results\lissajous_g05_P0_nominal_s1132_outer_expert_neural_gru_L40
L40,L40,gru,neural_outer_force_gru,test,lissajous_g05_P3_wind_ne_s1135_outer_expert,lissajous,True,True,0.09159158823849285,0.0,0.0,0.0,0.0,data/outer_force_dataset/v1\results\lissajous_g05_P3_wind_ne_s1135_outer_expert_neural_gru_L40
L40,L40,gru,neural_outer_force_gru,test,lissajous_g06_P2_wind_east_s1140_outer_expert,lissajous,True,True,0.027484692536273725,0.0,0.0,0.0,0.0,data/outer_force_dataset/v1\results\lissajous_g06_P2_wind_east_s1140_outer_expert_neural_gru_L40
L40,L40,gru,neural_outer_force_gru,test,lissajous_g07_P0_nominal_s1144_outer_expert,lissajous,True,True,0.06162277083010511,0.0,0.0,0.0,0.0,data/outer_force_dataset/v1\results\lissajous_g07_P0_nominal_s1144_outer_expert_neural_gru_L40
L40,L40,gru,neural_outer_force_gru,test,lissajous_g07_P5_combined_s1149_outer_expert,lissajous,True,True,0.09142250906055983,0.0,0.0,0.0,0.0,data/outer_force_dataset/v1\results\lissajous_g07_P5_combined_s1149_outer_expert_neural_gru_L40
L40,L40,gru,neural_outer_force_gru,test,waypoint_g01_P1_drag_high_s1157_outer_expert,waypoint,True,True,0.052091154496369495,0.0,0.0,0.0,0.0,data/outer_force_dataset/v1\results\waypoint_g01_P1_drag_high_s1157_outer_expert_neural_gru_L40
L40,L40,gru,neural_outer_force_gru,test,waypoint_g01_P3_wind_ne_s1159_outer_expert,waypoint,True,True,0.06750483333712345,0.0,0.0,0.0,0.0,data/outer_force_dataset/v1\results\waypoint_g01_P3_wind_ne_s1159_outer_expert_neural_gru_L40
L40,L40,gru,neural_outer_force_gru,test,waypoint_g02_P3_wind_ne_s1165_outer_expert,waypoint,True,True,0.08865111433235283,0.0,0.0,0.0,0.0,data/outer_force_dataset/v1\results\waypoint_g02_P3_wind_ne_s1165_outer_expert_neural_gru_L40
L40,L40,gru,neural_outer_force_gru,test,waypoint_g03_P0_nominal_s1168_outer_expert,waypoint,True,True,0.06303449734276674,0.0,0.0,0.0,0.0,data/outer_force_dataset/v1\results\waypoint_g03_P0_nominal_s1168_outer_expert_neural_gru_L40
L40,L40,gru,neural_outer_force_gru,test,waypoint_g03_P5_combined_s1173_outer_expert,waypoint,True,True,0.10137988339998559,0.0,0.0,0.0,0.0,data/outer_force_dataset/v1\results\waypoint_g03_P5_combined_s1173_outer_expert_neural_gru_L40
L40,L40,gru,neural_outer_force_gru,test,waypoint_g04_P0_nominal_s1174_outer_expert,waypoint,True,True,0.07222320645995846,0.0,0.0,0.0,0.0,data/outer_force_dataset/v1\results\waypoint_g04_P0_nominal_s1174_outer_expert_neural_gru_L40
L40,L40,gru,neural_outer_force_gru,ood,lemniscate_3d_heavy_wind,lemniscate,True,True,0.10281362108017508,0.0,2.2792022792022792,0.0,0.0,data/neural_ood/battery_v1\results\lemniscate_3d_heavy_wind_neural_gru_L40
L40,L40,gru,neural_outer_force_gru,ood,lemniscate_fast_center_yaw,lemniscate,True,True,0.10400859611330543,0.0,0.0,0.0,0.0,data/neural_ood/battery_v1\results\lemniscate_fast_center_yaw_neural_gru_L40
L40,L40,gru,neural_outer_force_gru,ood,lemniscate_combined_extreme,lemniscate,True,True,0.18986032245066023,0.0,12.82051282051282,0.0,0.0,data/neural_ood/battery_v1\results\lemniscate_combined_extreme_neural_gru_L40
L40,L40,gru,neural_outer_force_gru,ood,lissajous_3d_speedy,lissajous,True,True,0.24278833017423793,0.0,0.0,0.0,0.0,data/neural_ood/battery_v1\results\lissajous_3d_speedy_neural_gru_L40
L40,L40,gru,neural_outer_force_gru,ood,lissajous_extreme_noise,lissajous,True,True,0.09402140755035034,0.0,3.9886039886039883,0.0,0.0,data/neural_ood/battery_v1\results\lissajous_extreme_noise_neural_gru_L40
L40,L40,gru,neural_outer_force_gru,ood,composite_circle_to_lemniscate,composite,True,True,0.3361998517664259,0.0,6.976744186046512,0.0,0.0,data/neural_ood/battery_v1\results\composite_circle_to_lemniscate_neural_gru_L40
L40,L40,gru,neural_outer_force_gru,ood,composite_aggressive_transitions,composite,True,True,0.25050303678968117,0.0,2.955665024630542,0.0,0.0,data/neural_ood/battery_v1\results\composite_aggressive_transitions_neural_gru_L40
L40,L40,gru,neural_outer_force_gru,ood,helix_ascending_fast,waypoint,False,True,0.0959065809291359,0.0,0.0,0.0,0.0,data/neural_ood/battery_v1\results\helix_ascending_fast_neural_gru_L40
L40,L40,gru,neural_outer_force_gru,ood,helix_descending_noise_wind,waypoint,False,True,0.09519869753862006,0.0,0.5698005698005698,0.0,0.0,data/neural_ood/battery_v1\results\helix_descending_noise_wind_neural_gru_L40
L40,L40,gru,neural_outer_force_gru,ood,helix_tight_aggressive,waypoint,False,True,0.3113187777494255,0.0,0.0,0.0,0.0,data/neural_ood/battery_v1\results\helix_tight_aggressive_neural_gru_L40
L40,L40,lstm,neural_outer_force_lstm,test,hold_g03_P0_nominal_s1048_outer_expert,hold,True,True,0.0006431994741714843,0.0,0.0,0.0,0.0,data/outer_force_dataset/v1\results\hold_g03_P0_nominal_s1048_outer_expert_neural_lstm_L40
L40,L40,lstm,neural_outer_force_lstm,test,hold_g03_P2_wind_east_s1049_outer_expert,hold,True,True,0.03109430613501703,0.0,0.0,0.0,0.0,data/outer_force_dataset/v1\results\hold_g03_P2_wind_east_s1049_outer_expert_neural_lstm_L40
L40,L40,lstm,neural_outer_force_lstm,test,hold_g05_P5_combined_s1056_outer_expert,hold,True,True,0.11327373505452627,0.0,0.0,0.0,0.0,data/outer_force_dataset/v1\results\hold_g05_P5_combined_s1056_outer_expert_neural_lstm_L40
L40,L40,lstm,neural_outer_force_lstm,test,circle_g02_P0_nominal_s1066_outer_expert,circle,True,True,0.032401349614187225,0.0,0.0,0.0,0.0,data/outer_force_dataset/v1\results\circle_g02_P0_nominal_s1066_outer_expert_neural_lstm_L40
L40,L40,lstm,neural_outer_force_lstm,test,circle_g02_P5_combined_s1071_outer_expert,circle,True,True,0.12165984282467172,0.0,0.0,0.0,0.0,data/outer_force_dataset/v1\results\circle_g02_P5_combined_s1071_outer_expert_neural_lstm_L40
L40,L40,lstm,neural_outer_force_lstm,test,circle_g04_P5_combined_s1083_outer_expert,circle,True,True,0.13670445208992768,0.0,1.3303769401330376,0.0,0.0,data/outer_force_dataset/v1\results\circle_g04_P5_combined_s1083_outer_expert_neural_lstm_L40
L40,L40,lstm,neural_outer_force_lstm,test,circle_g06_P4_noise_low_s1094_outer_expert,circle,True,True,0.025189528156610182,0.0,0.0,0.0,0.0,data/outer_force_dataset/v1\results\circle_g06_P4_noise_low_s1094_outer_expert_neural_lstm_L40
L40,L40,lstm,neural_outer_force_lstm,test,circle_g07_P2_wind_east_s1098_outer_expert,circle,True,True,0.15668944197045112,0.0,0.22172949002217296,0.0,0.0,data/outer_force_dataset/v1\results\circle_g07_P2_wind_east_s1098_outer_expert_neural_lstm_L40
L40,L40,lstm,neural_outer_force_lstm,test,circle_g07_P3_wind_ne_s1099_outer_expert,circle,True,True,0.15809037055360953,0.0,0.22172949002217296,0.0,0.0,data/outer_force_dataset/v1\results\circle_g07_P3_wind_ne_s1099_outer_expert_neural_lstm_L40
L40,L40,lstm,neural_outer_force_lstm,test,circle_g08_P3_wind_ne_s1105_outer_expert,circle,True,True,0.08784385821578963,0.0,0.22172949002217296,0.0,0.0,data/outer_force_dataset/v1\results\circle_g08_P3_wind_ne_s1105_outer_expert_neural_lstm_L40
L40,L40,lstm,neural_outer_force_lstm,test,lissajous_g04_P0_nominal_s1126_outer_expert,lissajous,True,True,0.16194888762351728,0.0,0.0,0.0,0.0,data/outer_force_dataset/v1\results\lissajous_g04_P0_nominal_s1126_outer_expert_neural_lstm_L40
L40,L40,lstm,neural_outer_force_lstm,test,lissajous_g04_P1_drag_high_s1127_outer_expert,lissajous,True,True,0.16821857495997802,0.0,0.0,0.0,0.0,data/outer_force_dataset/v1\results\lissajous_g04_P1_drag_high_s1127_outer_expert_neural_lstm_L40
L40,L40,lstm,neural_outer_force_lstm,test,lissajous_g05_P0_nominal_s1132_outer_expert,lissajous,True,True,0.10582389851720356,0.0,0.0,0.0,0.0,data/outer_force_dataset/v1\results\lissajous_g05_P0_nominal_s1132_outer_expert_neural_lstm_L40
L40,L40,lstm,neural_outer_force_lstm,test,lissajous_g05_P3_wind_ne_s1135_outer_expert,lissajous,True,True,0.10230097391233457,0.0,0.0,0.0,0.0,data/outer_force_dataset/v1\results\lissajous_g05_P3_wind_ne_s1135_outer_expert_neural_lstm_L40
L40,L40,lstm,neural_outer_force_lstm,test,lissajous_g06_P2_wind_east_s1140_outer_expert,lissajous,True,True,0.023989222316565913,0.0,0.0,0.0,0.0,data/outer_force_dataset/v1\results\lissajous_g06_P2_wind_east_s1140_outer_expert_neural_lstm_L40
L40,L40,lstm,neural_outer_force_lstm,test,lissajous_g07_P0_nominal_s1144_outer_expert,lissajous,True,True,0.07158961329652296,0.0,0.0,0.0,0.0,data/outer_force_dataset/v1\results\lissajous_g07_P0_nominal_s1144_outer_expert_neural_lstm_L40
L40,L40,lstm,neural_outer_force_lstm,test,lissajous_g07_P5_combined_s1149_outer_expert,lissajous,True,True,0.08813918009634938,0.0,0.0,0.0,0.0,data/outer_force_dataset/v1\results\lissajous_g07_P5_combined_s1149_outer_expert_neural_lstm_L40
L40,L40,lstm,neural_outer_force_lstm,test,waypoint_g01_P1_drag_high_s1157_outer_expert,waypoint,True,True,0.05080930862638585,0.0,0.0,0.0,0.0,data/outer_force_dataset/v1\results\waypoint_g01_P1_drag_high_s1157_outer_expert_neural_lstm_L40
L40,L40,lstm,neural_outer_force_lstm,test,waypoint_g01_P3_wind_ne_s1159_outer_expert,waypoint,True,True,0.0681849118333664,0.0,0.0,0.0,0.0,data/outer_force_dataset/v1\results\waypoint_g01_P3_wind_ne_s1159_outer_expert_neural_lstm_L40
L40,L40,lstm,neural_outer_force_lstm,test,waypoint_g02_P3_wind_ne_s1165_outer_expert,waypoint,True,True,0.08375419198137915,0.0,0.0,0.0,0.0,data/outer_force_dataset/v1\results\waypoint_g02_P3_wind_ne_s1165_outer_expert_neural_lstm_L40
L40,L40,lstm,neural_outer_force_lstm,test,waypoint_g03_P0_nominal_s1168_outer_expert,waypoint,True,True,0.06152582589589974,0.0,0.0,0.0,0.0,data/outer_force_dataset/v1\results\waypoint_g03_P0_nominal_s1168_outer_expert_neural_lstm_L40
L40,L40,lstm,neural_outer_force_lstm,test,waypoint_g03_P5_combined_s1173_outer_expert,waypoint,True,True,0.10082215248258308,0.0,0.0,0.0,0.0,data/outer_force_dataset/v1\results\waypoint_g03_P5_combined_s1173_outer_expert_neural_lstm_L40
L40,L40,lstm,neural_outer_force_lstm,test,waypoint_g04_P0_nominal_s1174_outer_expert,waypoint,True,True,0.06655296666956846,0.0,0.0,0.0,0.0,data/outer_force_dataset/v1\results\waypoint_g04_P0_nominal_s1174_outer_expert_neural_lstm_L40
L40,L40,lstm,neural_outer_force_lstm,ood,lemniscate_3d_heavy_wind,lemniscate,True,True,0.13659914222807593,0.0,1.9943019943019942,0.0,0.0,data/neural_ood/battery_v1\results\lemniscate_3d_heavy_wind_neural_lstm_L40
L40,L40,lstm,neural_outer_force_lstm,ood,lemniscate_fast_center_yaw,lemniscate,True,True,0.14158368385557354,0.0,0.0,0.0,0.0,data/neural_ood/battery_v1\results\lemniscate_fast_center_yaw_neural_lstm_L40
L40,L40,lstm,neural_outer_force_lstm,ood,lemniscate_combined_extreme,lemniscate,False,False,0.5576610379853177,0.0,33.76623376623377,0.0,0.0,data/neural_ood/battery_v1\results\lemniscate_combined_extreme_neural_lstm_L40
L40,L40,lstm,neural_outer_force_lstm,ood,lissajous_3d_speedy,lissajous,True,True,0.2548606220018174,0.0,0.0,0.0,0.0,data/neural_ood/battery_v1\results\lissajous_3d_speedy_neural_lstm_L40
L40,L40,lstm,neural_outer_force_lstm,ood,lissajous_extreme_noise,lissajous,True,True,0.10679540221246588,0.0,3.133903133903134,0.0,0.0,data/neural_ood/battery_v1\results\lissajous_extreme_noise_neural_lstm_L40
L40,L40,lstm,neural_outer_force_lstm,ood,composite_circle_to_lemniscate,composite,True,True,1.3730153706597819,0.0,4.3604651162790695,0.0,0.0,data/neural_ood/battery_v1\results\composite_circle_to_lemniscate_neural_lstm_L40
L40,L40,lstm,neural_outer_force_lstm,ood,composite_aggressive_transitions,composite,True,True,0.19482220341403392,0.0,3.0927835051546393,0.0,0.0,data/neural_ood/battery_v1\results\composite_aggressive_transitions_neural_lstm_L40
L40,L40,lstm,neural_outer_force_lstm,ood,helix_ascending_fast,waypoint,False,True,0.08824400706997015,0.0,0.0,0.0,0.0,data/neural_ood/battery_v1\results\helix_ascending_fast_neural_lstm_L40
L40,L40,lstm,neural_outer_force_lstm,ood,helix_descending_noise_wind,waypoint,False,True,0.0949851685495398,0.0,0.2849002849002849,0.0,0.0,data/neural_ood/battery_v1\results\helix_descending_noise_wind_neural_lstm_L40
L40,L40,lstm,neural_outer_force_lstm,ood,helix_tight_aggressive,waypoint,False,True,0.26592182261897107,0.0,0.0,0.0,0.0,data/neural_ood/battery_v1\results\helix_tight_aggressive_neural_lstm_L40
seed7,seed7,mlp,neural_outer_force_mlp,test,hold_g03_P0_nominal_s1048_outer_expert,hold,True,True,0.0011064630799569569,0.0,0.0,0.0,0.0,data/outer_force_dataset/v1\results\hold_g03_P0_nominal_s1048_outer_expert_neural_mlp_seed7
seed7,seed7,mlp,neural_outer_force_mlp,test,hold_g03_P2_wind_east_s1049_outer_expert,hold,True,True,0.030758966891216908,0.0,0.0,0.0,0.0,data/outer_force_dataset/v1\results\hold_g03_P2_wind_east_s1049_outer_expert_neural_mlp_seed7
seed7,seed7,mlp,neural_outer_force_mlp,test,hold_g05_P5_combined_s1056_outer_expert,hold,True,True,0.11294426696644946,0.0,0.0,0.0,0.0,data/outer_force_dataset/v1\results\hold_g05_P5_combined_s1056_outer_expert_neural_mlp_seed7
seed7,seed7,mlp,neural_outer_force_mlp,test,circle_g02_P0_nominal_s1066_outer_expert,circle,True,True,0.04089692202185829,0.0,0.0,0.0,0.0,data/outer_force_dataset/v1\results\circle_g02_P0_nominal_s1066_outer_expert_neural_mlp_seed7
seed7,seed7,mlp,neural_outer_force_mlp,test,circle_g02_P5_combined_s1071_outer_expert,circle,True,True,0.1226367801828042,0.0,0.0,0.0,0.0,data/outer_force_dataset/v1\results\circle_g02_P5_combined_s1071_outer_expert_neural_mlp_seed7
seed7,seed7,mlp,neural_outer_force_mlp,test,circle_g04_P5_combined_s1083_outer_expert,circle,True,True,0.12382919111751231,0.0,0.8869179600886918,0.0,0.0,data/outer_force_dataset/v1\results\circle_g04_P5_combined_s1083_outer_expert_neural_mlp_seed7
seed7,seed7,mlp,neural_outer_force_mlp,test,circle_g06_P4_noise_low_s1094_outer_expert,circle,True,True,0.0283266480579507,0.0,0.0,0.0,0.0,data/outer_force_dataset/v1\results\circle_g06_P4_noise_low_s1094_outer_expert_neural_mlp_seed7
seed7,seed7,mlp,neural_outer_force_mlp,test,circle_g07_P2_wind_east_s1098_outer_expert,circle,True,True,0.1118483530497693,0.0,0.22172949002217296,0.0,0.0,data/outer_force_dataset/v1\results\circle_g07_P2_wind_east_s1098_outer_expert_neural_mlp_seed7
seed7,seed7,mlp,neural_outer_force_mlp,test,circle_g07_P3_wind_ne_s1099_outer_expert,circle,True,True,0.11431495697368385,0.0,0.22172949002217296,0.0,0.0,data/outer_force_dataset/v1\results\circle_g07_P3_wind_ne_s1099_outer_expert_neural_mlp_seed7
seed7,seed7,mlp,neural_outer_force_mlp,test,circle_g08_P3_wind_ne_s1105_outer_expert,circle,True,True,0.09021659803672666,0.0,0.22172949002217296,0.0,0.0,data/outer_force_dataset/v1\results\circle_g08_P3_wind_ne_s1105_outer_expert_neural_mlp_seed7
seed7,seed7,mlp,neural_outer_force_mlp,test,lissajous_g04_P0_nominal_s1126_outer_expert,lissajous,True,True,0.07200538377983938,0.0,0.0,0.0,0.7107952021323856,data/outer_force_dataset/v1\results\lissajous_g04_P0_nominal_s1126_outer_expert_neural_mlp_seed7
seed7,seed7,mlp,neural_outer_force_mlp,test,lissajous_g04_P1_drag_high_s1127_outer_expert,lissajous,True,True,0.07159406198175561,0.0,0.0,0.0,0.7107952021323856,data/outer_force_dataset/v1\results\lissajous_g04_P1_drag_high_s1127_outer_expert_neural_mlp_seed7
seed7,seed7,mlp,neural_outer_force_mlp,test,lissajous_g05_P0_nominal_s1132_outer_expert,lissajous,True,True,0.060961619681558735,0.0,0.0,0.0,0.0,data/outer_force_dataset/v1\results\lissajous_g05_P0_nominal_s1132_outer_expert_neural_mlp_seed7
seed7,seed7,mlp,neural_outer_force_mlp,test,lissajous_g05_P3_wind_ne_s1135_outer_expert,lissajous,True,True,0.06528110227791654,0.0,0.0,0.0,0.0,data/outer_force_dataset/v1\results\lissajous_g05_P3_wind_ne_s1135_outer_expert_neural_mlp_seed7
seed7,seed7,mlp,neural_outer_force_mlp,test,lissajous_g06_P2_wind_east_s1140_outer_expert,lissajous,True,True,0.024120845003625258,0.0,0.0,0.0,0.0,data/outer_force_dataset/v1\results\lissajous_g06_P2_wind_east_s1140_outer_expert_neural_mlp_seed7
seed7,seed7,mlp,neural_outer_force_mlp,test,lissajous_g07_P0_nominal_s1144_outer_expert,lissajous,True,True,0.045365821163933916,0.0,0.0,0.0,0.0,data/outer_force_dataset/v1\results\lissajous_g07_P0_nominal_s1144_outer_expert_neural_mlp_seed7
seed7,seed7,mlp,neural_outer_force_mlp,test,lissajous_g07_P5_combined_s1149_outer_expert,lissajous,True,True,0.08055267831780509,0.0,0.0,0.0,0.0,data/outer_force_dataset/v1\results\lissajous_g07_P5_combined_s1149_outer_expert_neural_mlp_seed7
seed7,seed7,mlp,neural_outer_force_mlp,test,waypoint_g01_P1_drag_high_s1157_outer_expert,waypoint,True,True,0.051390089836362673,0.0,0.0,0.0,0.0,data/outer_force_dataset/v1\results\waypoint_g01_P1_drag_high_s1157_outer_expert_neural_mlp_seed7
seed7,seed7,mlp,neural_outer_force_mlp,test,waypoint_g01_P3_wind_ne_s1159_outer_expert,waypoint,True,True,0.07185221344296826,0.0,0.0,0.0,0.0,data/outer_force_dataset/v1\results\waypoint_g01_P3_wind_ne_s1159_outer_expert_neural_mlp_seed7
seed7,seed7,mlp,neural_outer_force_mlp,test,waypoint_g02_P3_wind_ne_s1165_outer_expert,waypoint,True,True,0.08726943288215225,0.0,0.0,0.0,0.0,data/outer_force_dataset/v1\results\waypoint_g02_P3_wind_ne_s1165_outer_expert_neural_mlp_seed7
seed7,seed7,mlp,neural_outer_force_mlp,test,waypoint_g03_P0_nominal_s1168_outer_expert,waypoint,True,True,0.06362716157092296,0.0,0.0,0.0,0.0,data/outer_force_dataset/v1\results\waypoint_g03_P0_nominal_s1168_outer_expert_neural_mlp_seed7
seed7,seed7,mlp,neural_outer_force_mlp,test,waypoint_g03_P5_combined_s1173_outer_expert,waypoint,True,True,0.11397548714949542,0.0,0.0,0.0,0.0,data/outer_force_dataset/v1\results\waypoint_g03_P5_combined_s1173_outer_expert_neural_mlp_seed7
seed7,seed7,mlp,neural_outer_force_mlp,test,waypoint_g04_P0_nominal_s1174_outer_expert,waypoint,True,True,0.06729150012235229,0.0,0.0,0.0,0.0,data/outer_force_dataset/v1\results\waypoint_g04_P0_nominal_s1174_outer_expert_neural_mlp_seed7
seed7,seed7,mlp,neural_outer_force_mlp,ood,lemniscate_3d_heavy_wind,lemniscate,True,True,0.07728102651832643,0.0,2.564102564102564,0.0,0.0,data/neural_ood/battery_v1\results\lemniscate_3d_heavy_wind_neural_mlp_seed7
seed7,seed7,mlp,neural_outer_force_mlp,ood,lemniscate_fast_center_yaw,lemniscate,True,True,0.11627818379733783,0.0,0.0,0.0,0.0,data/neural_ood/battery_v1\results\lemniscate_fast_center_yaw_neural_mlp_seed7
seed7,seed7,mlp,neural_outer_force_mlp,ood,lemniscate_combined_extreme,lemniscate,False,False,0.7180420639360287,0.0,52.17391304347826,7.522123893805309,30.088495575221238,data/neural_ood/battery_v1\results\lemniscate_combined_extreme_neural_mlp_seed7
seed7,seed7,mlp,neural_outer_force_mlp,ood,lissajous_3d_speedy,lissajous,True,True,0.12374170970750015,0.0,0.0,0.0,3.1410622501427756,data/neural_ood/battery_v1\results\lissajous_3d_speedy_neural_mlp_seed7
seed7,seed7,mlp,neural_outer_force_mlp,ood,lissajous_extreme_noise,lissajous,True,True,0.07662247761569958,0.0,10.541310541310542,0.0,0.3997715591090805,data/neural_ood/battery_v1\results\lissajous_extreme_noise_neural_mlp_seed7
seed7,seed7,mlp,neural_outer_force_mlp,ood,composite_circle_to_lemniscate,composite,True,True,2.2008356964183173,0.0,11.046511627906977,9.424083769633508,17.277486910994764,data/neural_ood/battery_v1\results\composite_circle_to_lemniscate_neural_mlp_seed7
seed7,seed7,mlp,neural_outer_force_mlp,ood,composite_aggressive_transitions,composite,True,True,0.21826636366020846,0.0,3.4482758620689653,0.0,0.0,data/neural_ood/battery_v1\results\composite_aggressive_transitions_neural_mlp_seed7
seed7,seed7,mlp,neural_outer_force_mlp,ood,helix_ascending_fast,waypoint,False,True,0.09308366241213197,0.0,0.0,0.0,0.0,data/neural_ood/battery_v1\results\helix_ascending_fast_neural_mlp_seed7
seed7,seed7,mlp,neural_outer_force_mlp,ood,helix_descending_noise_wind,waypoint,False,True,0.12053228469101031,0.0,0.0,0.0,0.0,data/neural_ood/battery_v1\results\helix_descending_noise_wind_neural_mlp_seed7
seed7,seed7,mlp,neural_outer_force_mlp,ood,helix_tight_aggressive,waypoint,False,True,0.2957618596632799,0.0,0.0,0.0,0.0,data/neural_ood/battery_v1\results\helix_tight_aggressive_neural_mlp_seed7
seed123,seed123,mlp,neural_outer_force_mlp,test,hold_g03_P0_nominal_s1048_outer_expert,hold,True,True,0.0004965015312289704,0.0,0.0,0.0,0.0,data/outer_force_dataset/v1\results\hold_g03_P0_nominal_s1048_outer_expert_neural_mlp_seed123
seed123,seed123,mlp,neural_outer_force_mlp,test,hold_g03_P2_wind_east_s1049_outer_expert,hold,True,True,0.030802225729677307,0.0,0.0,0.0,0.0,data/outer_force_dataset/v1\results\hold_g03_P2_wind_east_s1049_outer_expert_neural_mlp_seed123
seed123,seed123,mlp,neural_outer_force_mlp,test,hold_g05_P5_combined_s1056_outer_expert,hold,True,True,0.11364289110575582,0.0,0.0,0.0,0.0,data/outer_force_dataset/v1\results\hold_g05_P5_combined_s1056_outer_expert_neural_mlp_seed123
seed123,seed123,mlp,neural_outer_force_mlp,test,circle_g02_P0_nominal_s1066_outer_expert,circle,True,True,0.04023320996842624,0.0,0.0,0.0,0.0,data/outer_force_dataset/v1\results\circle_g02_P0_nominal_s1066_outer_expert_neural_mlp_seed123
seed123,seed123,mlp,neural_outer_force_mlp,test,circle_g02_P5_combined_s1071_outer_expert,circle,True,True,0.12335791940751113,0.0,0.0,0.0,0.0,data/outer_force_dataset/v1\results\circle_g02_P5_combined_s1071_outer_expert_neural_mlp_seed123
seed123,seed123,mlp,neural_outer_force_mlp,test,circle_g04_P5_combined_s1083_outer_expert,circle,True,True,0.12355753982391796,0.0,0.8869179600886918,0.0,0.0,data/outer_force_dataset/v1\results\circle_g04_P5_combined_s1083_outer_expert_neural_mlp_seed123
seed123,seed123,mlp,neural_outer_force_mlp,test,circle_g06_P4_noise_low_s1094_outer_expert,circle,True,True,0.02720056344624717,0.0,0.0,0.0,0.0,data/outer_force_dataset/v1\results\circle_g06_P4_noise_low_s1094_outer_expert_neural_mlp_seed123
seed123,seed123,mlp,neural_outer_force_mlp,test,circle_g07_P2_wind_east_s1098_outer_expert,circle,True,True,0.11136633178057466,0.0,0.22172949002217296,0.0,0.0,data/outer_force_dataset/v1\results\circle_g07_P2_wind_east_s1098_outer_expert_neural_mlp_seed123
seed123,seed123,mlp,neural_outer_force_mlp,test,circle_g07_P3_wind_ne_s1099_outer_expert,circle,True,True,0.11462629887705073,0.0,0.22172949002217296,0.0,0.0,data/outer_force_dataset/v1\results\circle_g07_P3_wind_ne_s1099_outer_expert_neural_mlp_seed123
seed123,seed123,mlp,neural_outer_force_mlp,test,circle_g08_P3_wind_ne_s1105_outer_expert,circle,True,True,0.08988744991735846,0.0,0.22172949002217296,0.0,0.0,data/outer_force_dataset/v1\results\circle_g08_P3_wind_ne_s1105_outer_expert_neural_mlp_seed123
seed123,seed123,mlp,neural_outer_force_mlp,test,lissajous_g04_P0_nominal_s1126_outer_expert,lissajous,True,True,0.0722068264781373,0.0,0.0,0.0,0.7107952021323856,data/outer_force_dataset/v1\results\lissajous_g04_P0_nominal_s1126_outer_expert_neural_mlp_seed123
seed123,seed123,mlp,neural_outer_force_mlp,test,lissajous_g04_P1_drag_high_s1127_outer_expert,lissajous,True,True,0.07171971289822177,0.0,0.0,0.0,0.7107952021323856,data/outer_force_dataset/v1\results\lissajous_g04_P1_drag_high_s1127_outer_expert_neural_mlp_seed123
seed123,seed123,mlp,neural_outer_force_mlp,test,lissajous_g05_P0_nominal_s1132_outer_expert,lissajous,True,True,0.061479764321381684,0.0,0.0,0.0,0.0,data/outer_force_dataset/v1\results\lissajous_g05_P0_nominal_s1132_outer_expert_neural_mlp_seed123
seed123,seed123,mlp,neural_outer_force_mlp,test,lissajous_g05_P3_wind_ne_s1135_outer_expert,lissajous,True,True,0.06599741126738129,0.0,0.0,0.0,0.0,data/outer_force_dataset/v1\results\lissajous_g05_P3_wind_ne_s1135_outer_expert_neural_mlp_seed123
seed123,seed123,mlp,neural_outer_force_mlp,test,lissajous_g06_P2_wind_east_s1140_outer_expert,lissajous,True,True,0.02434659234940423,0.0,0.0,0.0,0.0,data/outer_force_dataset/v1\results\lissajous_g06_P2_wind_east_s1140_outer_expert_neural_mlp_seed123
seed123,seed123,mlp,neural_outer_force_mlp,test,lissajous_g07_P0_nominal_s1144_outer_expert,lissajous,True,True,0.045946529730615825,0.0,0.0,0.0,0.0,data/outer_force_dataset/v1\results\lissajous_g07_P0_nominal_s1144_outer_expert_neural_mlp_seed123
seed123,seed123,mlp,neural_outer_force_mlp,test,lissajous_g07_P5_combined_s1149_outer_expert,lissajous,True,True,0.08053768093220606,0.0,0.0,0.0,0.0,data/outer_force_dataset/v1\results\lissajous_g07_P5_combined_s1149_outer_expert_neural_mlp_seed123
seed123,seed123,mlp,neural_outer_force_mlp,test,waypoint_g01_P1_drag_high_s1157_outer_expert,waypoint,True,True,0.04961562477430393,0.0,0.0,0.0,0.0,data/outer_force_dataset/v1\results\waypoint_g01_P1_drag_high_s1157_outer_expert_neural_mlp_seed123
seed123,seed123,mlp,neural_outer_force_mlp,test,waypoint_g01_P3_wind_ne_s1159_outer_expert,waypoint,True,True,0.0696558033760128,0.0,0.0,0.0,0.0,data/outer_force_dataset/v1\results\waypoint_g01_P3_wind_ne_s1159_outer_expert_neural_mlp_seed123
seed123,seed123,mlp,neural_outer_force_mlp,test,waypoint_g02_P3_wind_ne_s1165_outer_expert,waypoint,True,True,0.08535800534795546,0.0,0.0,0.0,0.0,data/outer_force_dataset/v1\results\waypoint_g02_P3_wind_ne_s1165_outer_expert_neural_mlp_seed123
seed123,seed123,mlp,neural_outer_force_mlp,test,waypoint_g03_P0_nominal_s1168_outer_expert,waypoint,True,True,0.06140756656238225,0.0,0.0,0.0,0.0,data/outer_force_dataset/v1\results\waypoint_g03_P0_nominal_s1168_outer_expert_neural_mlp_seed123
seed123,seed123,mlp,neural_outer_force_mlp,test,waypoint_g03_P5_combined_s1173_outer_expert,waypoint,True,True,0.1139973445134616,0.0,0.0,0.0,0.0,data/outer_force_dataset/v1\results\waypoint_g03_P5_combined_s1173_outer_expert_neural_mlp_seed123
seed123,seed123,mlp,neural_outer_force_mlp,test,waypoint_g04_P0_nominal_s1174_outer_expert,waypoint,True,True,0.0726531296360278,0.0,0.0,0.0,0.0,data/outer_force_dataset/v1\results\waypoint_g04_P0_nominal_s1174_outer_expert_neural_mlp_seed123
seed123,seed123,mlp,neural_outer_force_mlp,ood,lemniscate_3d_heavy_wind,lemniscate,True,True,0.07710972703224107,0.0,2.2792022792022792,0.0,0.0,data/neural_ood/battery_v1\results\lemniscate_3d_heavy_wind_neural_mlp_seed123
seed123,seed123,mlp,neural_outer_force_mlp,ood,lemniscate_fast_center_yaw,lemniscate,True,True,0.10581163195230366,0.0,0.0,0.0,0.0,data/neural_ood/battery_v1\results\lemniscate_fast_center_yaw_neural_mlp_seed123
seed123,seed123,mlp,neural_outer_force_mlp,ood,lemniscate_combined_extreme,lemniscate,False,False,0.8706380776489643,0.0,54.347826086956516,9.210526315789474,32.89473684210526,data/neural_ood/battery_v1\results\lemniscate_combined_extreme_neural_mlp_seed123
seed123,seed123,mlp,neural_outer_force_mlp,ood,lissajous_3d_speedy,lissajous,True,True,0.12679431004021396,0.0,0.0,0.0,3.2552826956025127,data/neural_ood/battery_v1\results\lissajous_3d_speedy_neural_mlp_seed123
seed123,seed123,mlp,neural_outer_force_mlp,ood,lissajous_extreme_noise,lissajous,True,True,0.07633574780486027,0.0,9.686609686609685,0.0,0.3997715591090805,data/neural_ood/battery_v1\results\lissajous_extreme_noise_neural_mlp_seed123
seed123,seed123,mlp,neural_outer_force_mlp,ood,composite_circle_to_lemniscate,composite,False,False,1.2768956259412225,0.0,19.65811965811966,7.626392459297343,20.822622107969153,data/neural_ood/battery_v1\results\composite_circle_to_lemniscate_neural_mlp_seed123
seed123,seed123,mlp,neural_outer_force_mlp,ood,composite_aggressive_transitions,composite,True,True,0.212843868398676,0.0,3.4482758620689653,0.0,0.0,data/neural_ood/battery_v1\results\composite_aggressive_transitions_neural_mlp_seed123
seed123,seed123,mlp,neural_outer_force_mlp,ood,helix_ascending_fast,waypoint,False,True,0.09208858989211277,0.0,0.0,0.0,0.0,data/neural_ood/battery_v1\results\helix_ascending_fast_neural_mlp_seed123
seed123,seed123,mlp,neural_outer_force_mlp,ood,helix_descending_noise_wind,waypoint,False,True,0.12007258755739833,0.0,0.0,0.0,0.0,data/neural_ood/battery_v1\results\helix_descending_noise_wind_neural_mlp_seed123
seed123,seed123,mlp,neural_outer_force_mlp,ood,helix_tight_aggressive,waypoint,False,True,0.29104654522904894,0.0,0.0,0.0,0.0,data/neural_ood/battery_v1\results\helix_tight_aggressive_neural_mlp_seed123
